date,Open,High,Low,Close,Volume,stock
2016-10-03,774.25,776.06,769.5,772.56,1278821,GOOG
2016-10-04,776.03,778.71,772.89,776.43,1201350,GOOG
2016-10-05,779.31,782.07,775.65,776.47,1461151,GOOG
2016-10-06,779,780.48,775.54,776.86,1070692,GOOG
2016-10-07,779.66,779.66,770.75,775.08,933158,GOOG
2016-10-10,777.71,789.38,775.87,785.94,1174923,GOOG
2016-10-11,786.66,792.28,780.58,783.07,1372461,GOOG
2016-10-12,783.76,788.13,782.06,786.14,937435,GOOG
2016-10-13,781.22,781.22,773,778.19,1365277,GOOG
2016-10-14,781.65,783.95,776,778.53,852487,GOOG
2016-10-17,779.8,785.85,777.5,779.96,1092973,GOOG
2016-10-18,787.85,801.61,785.56,795.26,2056903,GOOG
2016-10-19,798.86,804.63,797.64,801.56,1766798,GOOG
2016-10-20,803.3,803.97,796.03,796.97,1757528,GOOG
2016-10-21,795,799.5,794,799.37,1266181,GOOG
2016-10-24,804.9,815.18,804.82,813.11,1697514,GOOG
2016-10-25,816.68,816.68,805.14,807.67,1576404,GOOG
2016-10-26,806.34,806.98,796.32,799.07,1647733,GOOG
2016-10-27,801,803.49,791.5,795.35,2749221,GOOG
2016-10-28,808.35,815.49,793.59,795.37,4269902,GOOG
2016-10-31,795.47,796.86,784,784.54,2427284,GOOG
2016-11-01,782.89,789.49,775.54,783.61,2406356,GOOG
2016-11-02,778.2,781.65,763.45,768.7,1918414,GOOG
2016-11-03,767.25,769.95,759.03,762.13,1943175,GOOG
2016-11-04,750.66,770.36,750.56,762.02,2134812,GOOG
2016-11-07,774.5,785.19,772.55,782.52,1585070,GOOG
2016-11-08,783.4,795.63,780.19,790.51,1366873,GOOG
2016-11-09,779.94,791.23,771.67,785.31,2607121,GOOG
2016-11-10,791.17,791.17,752.18,762.56,4745183,GOOG
2016-11-11,756.54,760.78,750.38,754.02,2431815,GOOG
2016-11-14,755.6,757.85,727.54,736.08,3654385,GOOG
2016-11-15,746.97,764.42,746.97,758.49,2384001,GOOG
2016-11-16,755.2,766.36,750.51,764.48,1472594,GOOG
2016-11-17,766.92,772.7,764.23,771.23,1286961,GOOG
2016-11-18,771.37,775,760,760.54,1547145,GOOG
2016-11-21,762.61,769.7,760.6,769.2,1330639,GOOG
2016-11-22,772.63,776.96,767,768.27,1593108,GOOG
2016-11-23,767.73,768.28,755.25,760.99,1478417,GOOG
2016-11-25,764.26,765,760.52,761.68,587421,GOOG
2016-11-28,760,779.53,759.8,768.24,2188151,GOOG
2016-11-29,771.53,778.5,768.24,770.84,1616618,GOOG
2016-11-30,770.07,772.99,754.83,758.04,2392890,GOOG
2016-12-01,757.44,759.85,737.02,747.92,3017947,GOOG
2016-12-02,744.59,754,743.1,750.5,1452484,GOOG
2016-12-05,757.71,763.9,752.9,762.52,1394223,GOOG
2016-12-06,764.73,768.83,757.34,759.11,1690689,GOOG
2016-12-07,761,771.36,755.8,771.19,1760966,GOOG
2016-12-08,772.48,778.18,767.23,776.42,1488059,GOOG
2016-12-09,780,789.43,779.02,789.29,1821914,GOOG
2016-12-12,785.04,791.25,784.36,789.27,2104117,GOOG
2016-12-13,793.9,804.38,793.34,796.1,2145209,GOOG
2016-12-14,797.4,804,794.01,797.07,1704150,GOOG
2016-12-15,797.34,803,792.92,797.85,1626499,GOOG
2016-12-16,800.4,800.86,790.29,790.8,2443796,GOOG
2016-12-19,790.22,797.66,786.27,794.2,1232087,GOOG
2016-12-20,796.76,798.65,793.27,796.42,951014,GOOG
2016-12-21,795.84,796.68,787.1,794.56,1211346,GOOG
2016-12-22,792.36,793.32,788.58,791.26,972169,GOOG
2016-12-23,790.9,792.74,787.28,789.91,623944,GOOG
2016-12-27,790.68,797.86,787.66,791.55,789321,GOOG
2016-12-28,793.7,794.23,783.2,785.05,1153824,GOOG
2016-12-29,783.33,785.93,778.92,782.79,744272,GOOG
2016-12-30,782.75,782.78,770.41,771.82,1769950,GOOG
2017-01-03,778.81,789.63,775.8,786.14,1657268,GOOG
2017-01-04,788.36,791.34,783.16,786.9,1072958,GOOG
2017-01-05,786.08,794.48,785.02,794.02,1335167,GOOG
2017-01-06,795.26,807.9,792.2,806.15,1640170,GOOG
2017-01-09,806.4,809.97,802.83,806.65,1274645,GOOG
2017-01-10,807.86,809.13,803.51,804.79,1176780,GOOG
2017-01-11,805,808.15,801.37,807.91,1065936,GOOG
2017-01-12,807.14,807.39,799.17,806.36,1353057,GOOG
2017-01-13,807.48,811.22,806.69,807.88,1099215,GOOG
2017-01-17,807.08,807.14,800.37,804.61,1362115,GOOG
2017-01-18,805.81,806.2,800.99,806.07,1294407,GOOG
2017-01-19,805.12,809.48,801.8,802.18,919325,GOOG
2017-01-20,806.91,806.91,801.69,805.02,1670045,GOOG
2017-01-23,807.25,820.87,803.74,819.31,1963628,GOOG
2017-01-24,822.3,825.9,817.82,823.87,1474010,GOOG
2017-01-25,829.62,835.77,825.06,835.67,1627304,GOOG
2017-01-26,837.81,838,827.01,832.15,2973891,GOOG
2017-01-27,834.71,841.95,820.44,823.31,2965771,GOOG
2017-01-30,814.66,815.84,799.8,802.32,3246573,GOOG
2017-01-31,796.86,801.25,790.52,796.79,2160556,GOOG
2017-02-01,799.68,801.19,791.19,795.7,2029744,GOOG
2017-02-02,793.8,802.7,792,798.53,1532138,GOOG
2017-02-03,802.99,806,800.37,801.49,1463448,GOOG
2017-02-06,799.7,801.67,795.25,801.34,1184483,GOOG
2017-02-07,803.99,810.5,801.78,806.97,1241221,GOOG
2017-02-08,807,811.84,803.19,808.38,1155990,GOOG
2017-02-09,809.51,810.66,804.54,809.56,990391,GOOG
2017-02-10,811.7,815.25,809.78,813.67,1134976,GOOG
2017-02-13,816,820.96,815.49,819.24,1213324,GOOG
2017-02-14,819,823,816,820.45,1054732,GOOG
2017-02-15,819.36,823,818.47,818.98,1313617,GOOG
2017-02-16,819.93,824.4,818.98,824.16,1287626,GOOG
2017-02-17,823.02,828.07,821.66,828.07,1611039,GOOG
2017-02-21,828.66,833.45,828.35,831.66,1262337,GOOG
2017-02-22,828.66,833.25,828.64,830.76,987248,GOOG
2017-02-23,830.12,832.46,822.88,831.33,1472771,GOOG
2017-02-24,827.73,829,824.2,828.64,1392202,GOOG
2017-02-27,824.55,830.5,824,829.28,1101466,GOOG
2017-02-28,825.61,828.54,820.2,823.21,2260769,GOOG
2017-03-01,828.85,836.26,827.26,835.24,1496540,GOOG
2017-03-02,833.85,834.51,829.64,830.63,942476,GOOG
2017-03-03,830.56,831.36,825.75,829.08,896378,GOOG
2017-03-06,826.95,828.88,822.4,827.78,1109037,GOOG
2017-03-07,827.4,833.41,826.52,831.91,1037630,GOOG
2017-03-08,833.51,838.15,831.79,835.37,989773,GOOG
2017-03-09,836,842,834.21,838.68,1261517,GOOG
2017-03-10,843.28,844.91,839.5,843.25,1704024,GOOG
2017-03-13,844,848.68,843.25,845.54,1223647,GOOG
2017-03-14,843.64,847.24,840.8,845.62,780198,GOOG
2017-03-15,847.59,848.63,840.77,847.2,1381474,GOOG
2017-03-16,849.03,850.85,846.13,848.78,977560,GOOG
2017-03-17,851.61,853.4,847.11,852.12,1716471,GOOG
2017-03-20,850.01,850.22,845.15,848.4,1231521,GOOG
2017-03-21,851.4,853.5,829.02,830.46,2463484,GOOG
2017-03-22,831.91,835.55,827.18,829.59,1401465,GOOG
2017-03-23,821,822.57,812.26,817.58,3487056,GOOG
2017-03-24,820.08,821.93,808.89,814.43,1981006,GOOG
2017-03-27,806.95,821.63,803.37,819.51,1894990,GOOG
2017-03-28,820.41,825.99,814.03,820.92,1620542,GOOG
2017-03-29,825,832.76,822.38,831.41,1786321,GOOG
2017-03-30,833.5,833.68,829,831.5,1055339,GOOG
2017-03-31,828.97,831.64,827.39,829.56,1401893,GOOG
2017-04-03,829.22,840.85,829.22,838.55,1671503,GOOG
2017-04-04,831.36,835.18,829.04,834.57,1045363,GOOG
2017-04-05,835.51,842.45,830.72,831.41,1555328,GOOG
2017-04-06,832.4,836.39,826.46,827.88,1254433,GOOG
2017-04-07,827.96,828.48,820.51,824.67,1057253,GOOG
2017-04-10,825.39,829.35,823.77,824.73,978905,GOOG
2017-04-11,824.71,827.43,817.02,823.35,1079732,GOOG
2017-04-12,821.93,826.66,821.02,824.32,900480,GOOG
2017-04-13,822.14,826.38,821.44,823.56,1122362,GOOG
2017-04-17,825.01,837.75,824.47,837.17,895015,GOOG
2017-04-18,834.22,838.93,832.71,836.82,836722,GOOG
2017-04-19,839.79,842.22,836.29,838.21,954330,GOOG
2017-04-20,841.44,845.2,839.32,841.65,959031,GOOG
2017-04-21,842.88,843.88,840.6,843.19,1323583,GOOG
2017-04-24,851.2,863.45,849.86,862.76,1372541,GOOG
2017-04-25,865,875,862.81,872.3,1671972,GOOG
2017-04-26,874.23,876.05,867.75,871.73,1237167,GOOG
2017-04-27,873.6,875.4,870.38,874.25,2026816,GOOG
2017-04-28,910.66,916.85,905.77,905.96,3276255,GOOG
2017-05-01,901.94,915.68,901.45,912.57,2115993,GOOG
2017-05-02,909.62,920.77,909.45,916.44,1587219,GOOG
2017-05-03,914.86,928.1,912.54,927.04,1499532,GOOG
2017-05-04,926.07,935.93,924.59,931.66,1422144,GOOG
2017-05-05,933.54,934.9,925.2,927.13,1911275,GOOG
2017-05-08,926.12,936.92,925.26,934.3,1329825,GOOG
2017-05-09,936.95,937.5,929.53,932.17,1581809,GOOG
2017-05-10,931.98,932,925.16,928.78,1173925,GOOG
2017-05-11,925.32,932.53,923.03,930.6,835386,GOOG
2017-05-12,931.53,933.44,927.85,932.22,1050601,GOOG
2017-05-15,932.95,938.25,929.34,937.08,1108496,GOOG
2017-05-16,940,943.11,937.58,943,969479,GOOG
2017-05-17,935.67,939.33,918.14,919.62,2362072,GOOG
2017-05-18,921,933.17,918.75,930.24,1596897,GOOG
2017-05-19,931.47,937.76,931,934.01,1393024,GOOG
2017-05-22,935,941.88,935,941.86,1120385,GOOG
2017-05-23,947.92,951.47,942.58,948.82,1270817,GOOG
2017-05-24,952.98,955.09,949.5,954.96,1034199,GOOG
2017-05-25,957.33,972.63,955.47,969.54,1660474,GOOG
2017-05-26,969.7,974.98,965.03,971.47,1252010,GOOG
2017-05-30,970.31,976.2,969.49,975.88,1466654,GOOG
2017-05-31,975.02,979.27,960.18,964.86,2448067,GOOG
2017-06-01,968.95,971.5,960.01,966.95,1410458,GOOG
2017-06-02,969.46,975.88,966,975.6,1750955,GOOG
2017-06-05,976.55,986.91,975.1,983.68,1252106,GOOG
2017-06-06,983.16,988.25,975.14,976.57,1814624,GOOG
2017-06-07,979.65,984.15,975.77,981.08,1453874,GOOG
2017-06-08,982.35,984.57,977.2,983.41,1481916,GOOG
2017-06-09,984.5,984.5,935.63,949.83,3309389,GOOG
2017-06-12,939.56,949.36,915.23,942.9,3763529,GOOG
2017-06-13,951.91,959.98,944.09,953.4,2013337,GOOG
2017-06-14,959.92,961.15,942.25,950.76,1489715,GOOG
2017-06-15,933.97,943.34,924.44,942.31,2133050,GOOG
2017-06-16,940,942.04,931.6,939.78,3094711,GOOG
2017-06-19,949.96,959.99,949.05,957.37,1533336,GOOG
2017-06-20,957.52,961.62,950.01,950.63,1125990,GOOG
2017-06-21,953.64,960.1,950.76,959.45,1202233,GOOG
2017-06-22,958.7,960.72,954.55,957.09,941958,GOOG
2017-06-23,956.83,966,954.2,965.59,1527856,GOOG
2017-06-26,969.9,973.31,950.79,952.27,1598355,GOOG
2017-06-27,942.46,948.29,926.85,927.33,2579930,GOOG
2017-06-28,929,942.75,916,940.49,2721406,GOOG
2017-06-29,929.92,931.26,910.62,917.79,3299176,GOOG
2017-06-30,926.05,926.05,908.31,908.73,2090226,GOOG
2017-07-03,912.18,913.94,894.79,898.7,1710373,GOOG
2017-07-05,901.76,914.51,898.5,911.71,1813884,GOOG
2017-07-06,904.12,914.94,899.7,906.69,1424503,GOOG
2017-07-07,908.85,921.54,908.85,918.59,1637785,GOOG
2017-07-10,921.77,930.38,919.59,928.8,1192825,GOOG
2017-07-11,929.54,931.43,922,930.09,1113235,GOOG
2017-07-12,938.68,946.3,934.47,943.83,1532144,GOOG
2017-07-13,946.29,954.45,943.01,947.16,1294687,GOOG
2017-07-14,952,956.91,948,955.99,1053774,GOOG
2017-07-17,957,960.74,949.24,953.42,1165537,GOOG
2017-07-18,953,968.04,950.6,965.4,1153964,GOOG
2017-07-19,967.84,973.04,964.03,970.89,1224540,GOOG
2017-07-20,975,975.9,961.51,968.15,1624463,GOOG
2017-07-21,962.25,973.23,960.15,972.92,1711000,GOOG
2017-07-24,972.22,986.2,970.77,980.34,3248347,GOOG
2017-07-25,953.81,959.7,945.4,950.7,4660979,GOOG
2017-07-26,954.68,955,942.28,947.8,2088256,GOOG
2017-07-27,951.78,951.78,920,934.09,3212996,GOOG
2017-07-28,929.4,943.83,927.5,941.53,1846351,GOOG
2017-07-31,941.89,943.59,926.04,930.5,1970095,GOOG
2017-08-01,932.38,937.45,929.26,930.83,1277734,GOOG
2017-08-02,928.61,932.6,916.68,930.39,1824448,GOOG
2017-08-03,930.34,932.24,922.24,923.65,1202512,GOOG
2017-08-04,926.75,930.31,923.03,927.96,1082267,GOOG
2017-08-07,929.06,931.7,926.5,929.36,1032239,GOOG
2017-08-08,927.09,935.81,925.61,926.79,1061579,GOOG
2017-08-09,920.61,925.98,917.25,922.9,1192081,GOOG
2017-08-10,917.55,919.26,906.13,907.24,1823967,GOOG
2017-08-11,907.97,917.78,905.58,914.39,1206782,GOOG
2017-08-14,922.53,924.67,918.19,922.67,1064530,GOOG
2017-08-15,924.23,926.55,919.82,922.22,883369,GOOG
2017-08-16,925.29,932.7,923.44,926.96,1006711,GOOG
2017-08-17,925.78,926.86,910.98,910.98,1277238,GOOG
2017-08-18,910.31,915.28,907.15,910.67,1342689,GOOG
2017-08-21,910,913,903.4,906.66,943441,GOOG
2017-08-22,912.72,925.86,911.48,924.69,1166737,GOOG
2017-08-23,921.93,929.93,919.36,927,1090248,GOOG
2017-08-24,928.66,930.84,915.5,921.28,1270306,GOOG
2017-08-25,923.49,925.56,915.5,915.89,1053376,GOOG
2017-08-28,916,919.24,911.87,913.81,1086484,GOOG
2017-08-29,905.1,923.33,905,921.29,1185564,GOOG
2017-08-30,920.05,930.82,919.65,929.57,1301225,GOOG
2017-08-31,931.76,941.98,931.76,939.33,1582579,GOOG
2017-09-01,941.13,942.48,935.15,937.34,947374,GOOG
2017-09-05,933.08,937,921.96,928.45,1348292,GOOG
2017-09-06,930.15,930.92,919.27,927.81,1527650,GOOG
2017-09-07,931.73,936.41,923.62,935.95,1212743,GOOG
2017-09-08,936.49,936.99,924.88,926.5,1011538,GOOG
2017-09-11,934.25,938.38,926.92,929.08,1266991,GOOG
2017-09-12,932.59,933.48,923.86,932.07,1134397,GOOG
2017-09-13,930.66,937.25,929.86,935.09,1102631,GOOG
2017-09-14,931.25,932.77,924,925.11,1397644,GOOG
2017-09-15,924.66,926.49,916.36,920.29,2505430,GOOG
2017-09-18,920.01,922.08,910.6,915,1306922,GOOG
2017-09-19,917.42,922.42,912.55,921.81,936654,GOOG
2017-09-20,922.98,933.88,922,931.58,1669763,GOOG
2017-09-21,933,936.53,923.83,932.45,1290607,GOOG
2017-09-22,927.75,934.73,926.48,928.53,1052704,GOOG
2017-09-25,925.45,926.4,909.7,920.97,1856822,GOOG
2017-09-26,923.72,930.82,921.14,924.86,1666861,GOOG
2017-09-27,927.74,949.9,927.74,944.49,2212600,GOOG
2017-09-28,941.36,950.69,940.55,949.5,1020312,GOOG
2017-09-29,952,959.79,951.51,959.11,1580994,GOOG
2016-10-03,836,839.86,831.25,836.74,2769448,AMZN
2016-10-04,840.91,842.36,830.26,834.03,2950314,AMZN
2016-10-05,838,845.67,836.12,844.36,3469055,AMZN
2016-10-06,843.7,847.21,840.6,841.66,2684013,AMZN
2016-10-07,845.79,845.95,837.45,839.43,2426228,AMZN
2016-10-10,843.25,845.2,840.27,841.71,1827143,AMZN
2016-10-11,841.02,841.29,828.35,831,3588180,AMZN
2016-10-12,834,837.67,830.1,834.09,2380416,AMZN
2016-10-13,829,831.8,821.21,829.28,3091387,AMZN
2016-10-14,835.08,835.74,822.96,822.96,2999814,AMZN
2016-10-17,821.5,822,811.68,812.95,3361492,AMZN
2016-10-18,822.11,823.26,815.02,817.65,2512504,AMZN
2016-10-19,820.4,820.67,815.17,817.69,2090706,AMZN
2016-10-20,813.99,815.71,803.1,810.32,3151954,AMZN
2016-10-21,809.36,819.42,809,818.99,2793015,AMZN
2016-10-24,824.95,838.3,822.21,838.09,4060899,AMZN
2016-10-25,839.3,843.09,833.22,835.18,3248358,AMZN
2016-10-26,832.76,833.44,820,822.59,3998102,AMZN
2016-10-27,831.24,831.72,815.43,818.36,7406385,AMZN
2016-10-28,782,789.49,774.61,776.32,10841073,AMZN
2016-10-31,781.03,793.7,780.11,789.82,5413326,AMZN
2016-11-01,799,800.84,776.71,785.41,5305428,AMZN
2016-11-02,783.93,784.75,763.55,765.56,5026504,AMZN
2016-11-03,765.05,777,764,767.03,3872496,AMZN
2016-11-04,762.79,766,753.23,755.05,5122103,AMZN
2016-11-07,771.64,787.73,770.94,784.93,5984354,AMZN
2016-11-08,784.97,791.74,779.1,787.75,3412629,AMZN
2016-11-09,764,777.5,760.09,771.88,8562892,AMZN
2016-11-10,778.81,778.83,717.7,742.38,12746994,AMZN
2016-11-11,735.73,743.26,728.9,739.01,6622784,AMZN
2016-11-14,745.51,746,710.1,719.07,7321344,AMZN
2016-11-15,730,746.78,725.99,743.24,6755785,AMZN
2016-11-16,739.88,749.87,735.61,746.49,3648791,AMZN
2016-11-17,749.32,757.5,748,756.4,3651345,AMZN
2016-11-18,761,767.74,757.64,760.16,4373408,AMZN
2016-11-21,766,780.35,765.11,780,4614574,AMZN
2016-11-22,788.17,792.4,781,785.33,5311320,AMZN
2016-11-23,781.73,781.75,773.12,780.12,3540263,AMZN
2016-11-25,786.5,786.75,777.9,780.37,1837068,AMZN
2016-11-28,776.99,777,764.24,766.77,4438828,AMZN
2016-11-29,768,769.89,761.32,762.52,3272344,AMZN
2016-11-30,762,768.09,750.25,750.57,4625946,AMZN
2016-12-01,752.41,753.37,738.03,743.65,4665993,AMZN
2016-12-02,743.4,748.49,736.7,740.34,3561307,AMZN
2016-12-05,745,761.49,742,759.36,4314723,AMZN
2016-12-06,763.99,768.24,757.25,764.72,3794746,AMZN
2016-12-07,764.55,770.42,755.82,770.42,3684906,AMZN
2016-12-08,771.87,773.79,765.19,767.33,3189608,AMZN
2016-12-09,770,770.25,765.34,768.66,2470923,AMZN
2016-12-12,766.4,766.89,757.2,760.12,2963945,AMZN
2016-12-13,764.96,782.46,762,774.34,5285288,AMZN
2016-12-14,778.25,780.86,762.81,768.82,5454836,AMZN
2016-12-15,766.28,769.1,760.31,761,3801927,AMZN
2016-12-16,765,765.13,754,757.77,4848219,AMZN
2016-12-19,758.89,770.5,756.16,766,3113240,AMZN
2016-12-20,768.65,774.39,767.71,771.22,2703629,AMZN
2016-12-21,770,771.22,765.7,770.6,2044629,AMZN
2016-12-22,768.12,771.21,763.02,766.34,2543551,AMZN
2016-12-23,764.55,766.5,757.99,760.59,1981616,AMZN
2016-12-27,763.4,774.65,761.2,771.4,2638725,AMZN
2016-12-28,776.25,780,770.5,772.13,3301025,AMZN
2016-12-29,772.4,773.4,760.85,765.15,3158299,AMZN
2016-12-30,766.47,767.4,748.28,749.87,4139449,AMZN
2017-01-03,757.92,758.76,747.7,753.67,3521066,AMZN
2017-01-04,758.39,759.68,754.2,757.18,2510526,AMZN
2017-01-05,761.55,782.4,760.26,780.45,5830068,AMZN
2017-01-06,782.36,799.44,778.48,795.99,5986234,AMZN
2017-01-09,798,801.77,791.77,796.92,3446109,AMZN
2017-01-10,796.6,798,789.54,795.9,2558369,AMZN
2017-01-11,793.66,799.5,789.51,799.02,2992791,AMZN
2017-01-12,800.31,814.13,799.5,813.64,4873922,AMZN
2017-01-13,814.32,821.65,811.4,817.14,3791945,AMZN
2017-01-17,815.7,816,803.44,809.72,3670529,AMZN
2017-01-18,809.5,811.73,804.27,807.48,2354201,AMZN
2017-01-19,810,813.51,807.32,809.04,2540784,AMZN
2017-01-20,815.28,816.02,806.26,808.33,3376196,AMZN
2017-01-23,806.8,818.5,805.08,817.88,2797474,AMZN
2017-01-24,822,823.99,814.5,822.44,2971740,AMZN
2017-01-25,825.79,837.42,825.29,836.52,4023078,AMZN
2017-01-26,835.53,843.84,833,839.15,3586323,AMZN
2017-01-27,839,839.7,829.44,835.77,2998700,AMZN
2017-01-30,833,833.5,816.38,830.38,3747336,AMZN
2017-01-31,823.75,826.99,819.56,823.48,3137196,AMZN
2017-02-01,829.21,833.78,824.94,832.35,3850181,AMZN
2017-02-02,836.59,842.49,828.26,839.95,7350492,AMZN
2017-02-03,806.72,818.3,804,810.2,10868773,AMZN
2017-02-06,809.8,810.72,803,807.64,3897301,AMZN
2017-02-07,809.31,816.16,807.5,812.5,3466091,AMZN
2017-02-08,812.69,821.48,812.5,819.71,2857985,AMZN
2017-02-09,821.6,825,819.71,821.36,2484948,AMZN
2017-02-10,823.82,828,822.85,827.46,2429609,AMZN
2017-02-13,831.62,843,828.55,836.53,4172618,AMZN
2017-02-14,837,838.31,831.45,836.39,2792442,AMZN
2017-02-15,834,842.81,832.82,842.7,2968853,AMZN
2017-02-16,841.84,845,839.38,844.14,2714667,AMZN
2017-02-17,842,847.27,840.73,845.07,3112275,AMZN
2017-02-21,848.84,857.98,847.25,856.44,3507742,AMZN
2017-02-22,856.95,858.43,852.18,855.61,2616971,AMZN
2017-02-23,857.57,860.86,848,852.19,3461984,AMZN
2017-02-24,844.69,845.81,837.75,845.24,3687963,AMZN
2017-02-27,842.38,852.5,839.67,848.64,2713627,AMZN
2017-02-28,851.45,854.09,842.05,845.04,2793709,AMZN
2017-03-01,853.05,854.83,849.01,853.08,2760083,AMZN
2017-03-02,853.08,854.82,847.28,848.91,2132098,AMZN
2017-03-03,847.2,851.98,846.27,849.88,1951575,AMZN
2017-03-06,845.23,848.49,841.12,846.61,2610370,AMZN
2017-03-07,845.48,848.46,843.75,846.02,2247554,AMZN
2017-03-08,848,853.07,846.79,850.5,2288317,AMZN
2017-03-09,851,856.4,850.31,853,2048187,AMZN
2017-03-10,857,857.35,851.72,852.46,2436434,AMZN
2017-03-13,851.77,855.69,851.71,854.59,1909672,AMZN
2017-03-14,853.55,853.75,847.55,852.53,2130586,AMZN
2017-03-15,854.33,854.45,847.11,852.97,2562176,AMZN
2017-03-16,855.3,855.5,850.51,853.42,1842296,AMZN
2017-03-17,853.49,853.83,850.64,852.31,3384403,AMZN
2017-03-20,851.51,857.8,851.01,856.97,2282727,AMZN
2017-03-21,858.84,862.8,841.31,843.2,4382852,AMZN
2017-03-22,840.43,849.37,839.05,848.06,2658669,AMZN
2017-03-23,848.2,850.89,844.8,847.38,1952964,AMZN
2017-03-24,851.68,851.8,843.53,845.61,2138269,AMZN
2017-03-27,838.07,850.3,833.5,846.82,2755775,AMZN
2017-03-28,851.75,858.46,850.1,856,3041633,AMZN
2017-03-29,859.05,876.44,859.02,874.32,4485770,AMZN
2017-03-30,874.95,877.06,871.66,876.34,2762730,AMZN
2017-03-31,877,890.35,876.65,886.54,3957612,AMZN
2017-04-03,888,893.49,885.42,891.51,3422328,AMZN
2017-04-04,891.5,908.54,890.28,906.83,4984656,AMZN
2017-04-05,910.82,923.72,905.62,909.28,7508370,AMZN
2017-04-06,913.8,917.19,894.49,898.28,6344065,AMZN
2017-04-07,899.65,900.09,889.31,894.88,3710922,AMZN
2017-04-10,899.63,908.51,899,907.04,3184301,AMZN
2017-04-11,907.04,911.24,897.5,902.36,3012743,AMZN
2017-04-12,903.09,904.09,895.25,896.23,2456140,AMZN
2017-04-13,891.45,894.97,884.49,884.67,3174583,AMZN
2017-04-17,887.5,902.38,887.5,901.99,2854673,AMZN
2017-04-18,900.99,909.61,900.78,903.78,2999238,AMZN
2017-04-19,907.84,910.5,897.37,899.2,2870242,AMZN
2017-04-20,899.7,905.32,896.29,902.06,2814441,AMZN
2017-04-21,902.67,903.65,896.77,898.53,2420494,AMZN
2017-04-24,908.68,909.99,903.82,907.41,3122893,AMZN
2017-04-25,907.04,909.48,903,907.62,3380639,AMZN
2017-04-26,910.3,915.75,907.56,909.29,2608948,AMZN
2017-04-27,914.39,921.86,912.11,918.38,5305543,AMZN
2017-04-28,948.83,949.59,924.33,924.99,7364681,AMZN
2017-05-01,927.8,954.4,927.8,948.23,5466544,AMZN
2017-05-02,946.64,950.1,941.41,946.94,3848835,AMZN
2017-05-03,946,946,935.9,941.03,3582686,AMZN
2017-05-04,944.75,945,934.22,937.53,2418381,AMZN
2017-05-05,940.52,940.79,930.3,934.15,2866397,AMZN
2017-05-08,940.95,949.05,939.21,949.04,3415731,AMZN
2017-05-09,952.8,957.89,950.2,952.82,3262113,AMZN
2017-05-10,953.5,953.75,945,948.95,2096512,AMZN
2017-05-11,945.11,950.29,940.78,947.62,2194070,AMZN
2017-05-12,954.5,962.79,951.53,961.35,3625857,AMZN
2017-05-15,958.73,963.15,956.06,957.97,4270625,AMZN
2017-05-16,961,970.06,960.91,966.07,3126051,AMZN
2017-05-17,954.7,960.4,944.12,944.76,5145578,AMZN
2017-05-18,944.8,962.75,944.76,958.49,3939347,AMZN
2017-05-19,962.84,968.92,959.72,959.84,3972089,AMZN
2017-05-22,964,971.38,962.9,970.67,2642217,AMZN
2017-05-23,975.02,975.2,966.85,971.54,2415594,AMZN
2017-05-24,976,981,970.23,980.35,2463052,AMZN
2017-05-25,984.85,999,982.11,993.38,4822032,AMZN
2017-05-26,995,998.65,989.25,995.78,3469154,AMZN
2017-05-30,996.51,1001.2,995.52,996.7,3263069,AMZN
2017-05-31,1000,1000.12,982.16,994.62,3913115,AMZN
2017-06-01,998.59,998.99,991.37,995.95,2454841,AMZN
2017-06-02,998.99,1008.48,995.67,1006.73,3752328,AMZN
2017-06-05,1007.23,1013.21,1003.51,1011.34,2719859,AMZN
2017-06-06,1012,1016.5,1001.25,1003,3346432,AMZN
2017-06-07,1005.95,1010.25,1002,1010.07,2823041,AMZN
2017-06-08,1012.06,1013.61,1006.11,1010.27,2767857,AMZN
2017-06-09,1012.5,1012.99,927,978.31,7647692,AMZN
2017-06-12,967,975.95,945,964.91,9447233,AMZN
2017-06-13,977.99,984.5,966.1,980.79,4580011,AMZN
2017-06-14,988.59,990.34,966.71,976.47,3974900,AMZN
2017-06-15,958.7,965.73,950.86,964.17,5373865,AMZN
2017-06-16,996,999.75,982,987.71,11472662,AMZN
2017-06-19,1017,1017,989.9,995.17,5043408,AMZN
2017-06-20,998,1004.88,992.02,992.59,4076828,AMZN
2017-06-21,998.7,1002.72,992.65,1002.23,2922473,AMZN
2017-06-22,1002.23,1006.96,997.2,1001.3,2253433,AMZN
2017-06-23,1002.54,1004.62,998.02,1003.74,2879145,AMZN
2017-06-26,1008.5,1009.8,992,993.98,3386157,AMZN
2017-06-27,990.69,998.8,976,976.78,3782389,AMZN
2017-06-28,978.55,990.68,969.21,990.33,3737567,AMZN
2017-06-29,979,987.56,965.25,975.93,4302968,AMZN
2017-06-30,980.12,983.47,967.61,968,3390345,AMZN
2017-07-03,972.79,974.49,951,953.66,2909108,AMZN
2017-07-05,961.53,975,955.25,971.4,3652955,AMZN
2017-07-06,964.66,974.4,959.02,965.14,3259613,AMZN
2017-07-07,969.55,980.11,969.14,978.76,2643387,AMZN
2017-07-10,985,999.44,983.5,996.47,3546268,AMZN
2017-07-11,993,995.99,983.72,994.13,2982726,AMZN
2017-07-12,1000.65,1008.55,998.1,1006.51,3608574,AMZN
2017-07-13,1004.62,1006.88,995.9,1000.63,2880769,AMZN
2017-07-14,1002.4,1004.45,996.89,1001.81,2102469,AMZN
2017-07-17,1004.69,1014.75,1003.81,1010.04,3712587,AMZN
2017-07-18,1006,1026.03,1004,1024.45,4007624,AMZN
2017-07-19,1025,1031.59,1022.5,1026.87,2963964,AMZN
2017-07-20,1031.59,1034.97,1022.52,1028.7,3097487,AMZN
2017-07-21,1021.28,1026.1,1011,1025.67,2734577,AMZN
2017-07-24,1028.34,1043.01,1027.43,1038.95,3288020,AMZN
2017-07-25,1038.05,1043.33,1032.48,1039.87,2447629,AMZN
2017-07-26,1043.2,1053.2,1043.2,1052.8,2921253,AMZN
2017-07-27,1069.55,1083.31,1040.18,1046,10991715,AMZN
2017-07-28,1012.14,1032.85,1001,1020.04,7709420,AMZN
2017-07-31,1019.05,1019.05,987.02,987.78,7352063,AMZN
2017-08-01,996.11,1006.4,991.58,996.19,4572576,AMZN
2017-08-02,1001.77,1003.21,981.73,995.89,4069993,AMZN
2017-08-03,999.47,999.5,984.59,986.92,3255764,AMZN
2017-08-04,989.68,991.67,982,987.58,2730308,AMZN
2017-08-07,990.65,995,987.14,992.27,2676607,AMZN
2017-08-08,994.35,996.28,985.79,989.84,2902815,AMZN
2017-08-09,982.6,988,975.27,982.01,3569731,AMZN
2017-08-10,976.3,979.86,954.68,956.92,5684068,AMZN
2017-08-11,960,970.39,951.38,967.99,3468017,AMZN
2017-08-14,978.41,985.5,976.19,983.3,3172892,AMZN
2017-08-15,988.9,991.74,982,982.74,2549295,AMZN
2017-08-16,981.65,986.46,973.22,978.18,3132066,AMZN
2017-08-17,977.84,977.84,960.32,960.57,3512397,AMZN
2017-08-18,961.4,965.43,954.65,958.47,3284821,AMZN
2017-08-21,957.57,961.2,945.46,953.29,3164483,AMZN
2017-08-22,955.52,967.93,955.5,966.9,2749970,AMZN
2017-08-23,959.38,962,954.2,958,2668264,AMZN
2017-08-24,957.42,959,941.14,952.45,5195726,AMZN
2017-08-25,956,957.62,944.1,945.26,3324791,AMZN
2017-08-28,946.54,953,942.25,946.02,2596737,AMZN
2017-08-29,940,956,936.33,954.06,2874299,AMZN
2017-08-30,958.44,969.41,956.91,967.59,2904604,AMZN
2017-08-31,974.7,981,972.76,980.6,3331488,AMZN
2017-09-01,984.2,984.5,976.88,978.25,2535917,AMZN
2017-09-05,975.4,976.77,960.37,965.27,2998649,AMZN
2017-09-06,968.32,971.84,960.6,967.8,2129861,AMZN
2017-09-07,974,980.59,972.55,979.47,2566794,AMZN
2017-09-08,979.1,979.88,963.47,965.9,2605322,AMZN
2017-09-11,974.46,981.94,974.22,977.96,2186666,AMZN
2017-09-12,983.27,984.67,975.52,982.58,2481066,AMZN
2017-09-13,983.97,1000,979.42,999.6,3374650,AMZN
2017-09-14,996.8,998.56,987.74,992.21,3913263,AMZN
2017-09-15,993.01,996.25,984.03,986.79,3760183,AMZN
2017-09-18,990.4,992.79,968.17,974.19,3411324,AMZN
2017-09-19,977.25,978.24,967.46,969.86,2671054,AMZN
2017-09-20,971.79,974.81,962.16,973.21,2888795,AMZN
2017-09-21,971.31,971.7,962.02,964.65,2337576,AMZN
2017-09-22,961.01,965.61,954.42,955.1,2641787,AMZN
2017-09-25,949.31,949.42,932.89,939.79,5123997,AMZN
2017-09-26,945.49,948.63,931.75,938.6,3564848,AMZN
2017-09-27,948,955.3,943.3,950.87,3124726,AMZN
2017-09-28,951.86,959.7,950.1,956.4,2522567,AMZN
2017-09-29,960.11,964.83,958.38,961.35,2543759,AMZN
2016-10-03,128.38,129.09,127.8,128.77,13156943,FB
2016-10-04,129.17,129.28,127.55,128.19,14307548,FB
2016-10-05,128.25,128.8,127.83,128.47,12386753,FB
2016-10-06,128.43,129.06,128.08,128.74,11682729,FB
2016-10-07,129.04,129.25,128.33,128.99,12804420,FB
2016-10-10,129.68,130.7,129.2,130.24,15138720,FB
2016-10-11,130.23,130.64,128.23,128.88,17537928,FB
2016-10-12,129.01,129.66,128.46,129.05,11072991,FB
2016-10-13,128.21,128.25,126.75,127.82,17139306,FB
2016-10-14,128.49,128.95,127.58,127.88,13345292,FB
2016-10-17,128.2,128.47,127.32,127.54,11351681,FB
2016-10-18,128.68,129.39,128.01,128.57,13503967,FB
2016-10-19,128.74,130.47,128.6,130.11,16752321,FB
2016-10-20,130.07,130.66,129.5,130,13167503,FB
2016-10-21,129.78,132.13,129.7,132.07,19088794,FB
2016-10-24,132.72,133.4,132.15,133.28,17470227,FB
2016-10-25,133.5,133.5,132.22,132.29,13336787,FB
2016-10-26,131.64,132.26,130.94,131.04,13084731,FB
2016-10-27,131.74,131.8,129.27,129.69,16741393,FB
2016-10-28,130.5,132.97,129.93,131.29,24545547,FB
2016-10-31,132.01,132.12,130.88,130.99,15668982,FB
2016-11-01,131.41,131.94,128.65,129.5,22077779,FB
2016-11-02,130.23,130.23,126.28,127.17,50190225,FB
2016-11-03,122,123.28,119.5,120,63766259,FB
2016-11-04,119.59,121.93,119.25,120.75,30545466,FB
2016-11-07,122.83,123.21,121.35,122.15,23008880,FB
2016-11-08,122.03,124.61,121.54,124.22,19460768,FB
2016-11-09,121.5,123.81,120.51,123.18,31916020,FB
2016-11-10,123.93,124.18,115.27,120.8,67846704,FB
2016-11-11,119.53,120.7,118.15,119.02,32840137,FB
2016-11-14,119.13,119.13,113.55,115.08,51377040,FB
2016-11-15,116.73,118.49,115.83,117.2,34681369,FB
2016-11-16,114.48,117.88,114.21,116.34,32397947,FB
2016-11-17,116.81,117.79,116.01,117.79,18556202,FB
2016-11-18,118.39,119.13,116.84,117.02,22879303,FB
2016-11-21,118.2,121.95,117.8,121.77,35415366,FB
2016-11-22,122.4,122.98,120.9,121.47,26089163,FB
2016-11-23,121.23,121.31,119.94,120.84,15672136,FB
2016-11-25,121.01,121.14,120.07,120.38,8658605,FB
2016-11-28,120.12,121.69,119.82,120.41,18101314,FB
2016-11-29,120.57,122.1,120.4,120.87,18890956,FB
2016-11-30,120.32,121.79,117.95,118.42,30188922,FB
2016-12-01,118.38,118.45,114,115.1,43276994,FB
2016-12-02,115.11,116.48,114.3,115.4,25070364,FB
2016-12-05,115.95,117.57,115.07,117.43,20201528,FB
2016-12-06,117.69,117.8,116.33,117.31,19131202,FB
2016-12-07,117,117.95,116.57,117.95,21913658,FB
2016-12-08,117.98,119.5,117.64,118.91,22442756,FB
2016-12-09,119.22,119.94,118.95,119.68,17464736,FB
2016-12-12,119.22,119.24,117.65,117.77,17805527,FB
2016-12-13,117.86,121.52,117.61,120.31,29768028,FB
2016-12-14,120,121.69,118.85,120.21,25913095,FB
2016-12-15,120.08,122.5,119.63,120.57,20139568,FB
2016-12-16,120.9,121.5,119.27,119.87,25324299,FB
2016-12-19,119.85,120.36,118.51,119.24,15918146,FB
2016-12-20,119.5,119.77,118.8,119.09,13684402,FB
2016-12-21,118.92,119.2,118.48,119.04,10767646,FB
2016-12-22,118.86,118.99,116.93,117.4,16258587,FB
2016-12-23,117,117.56,116.3,117.27,10889985,FB
2016-12-27,116.96,118.68,116.86,118.01,12051481,FB
2016-12-28,118.19,118.25,116.65,116.92,12087377,FB
2016-12-29,117,117.53,116.06,116.35,9934873,FB
2016-12-30,116.6,116.83,114.77,115.05,18684106,FB
2017-01-03,116.03,117.84,115.51,116.86,20663912,FB
2017-01-04,117.55,119.66,117.29,118.69,19630932,FB
2017-01-05,118.86,120.95,118.32,120.67,19492150,FB
2017-01-06,120.98,123.88,120.03,123.41,28545263,FB
2017-01-09,123.55,125.43,123.04,124.9,22880360,FB
2017-01-10,124.82,125.5,124.28,124.35,17324590,FB
2017-01-11,124.35,126.12,124.06,126.09,18356523,FB
2017-01-12,125.61,126.73,124.8,126.62,18653914,FB
2017-01-13,127.49,129.27,127.37,128.34,24884325,FB
2017-01-17,128.04,128.34,127.4,127.87,15294460,FB
2017-01-18,128.41,128.43,126.84,127.92,13145852,FB
2017-01-19,128.23,128.35,127.45,127.55,12195465,FB
2017-01-20,128.1,128.48,126.78,127.04,19097223,FB
2017-01-23,127.31,129.25,126.95,128.93,16593563,FB
2017-01-24,129.38,129.9,128.38,129.37,15162724,FB
2017-01-25,130,131.74,129.77,131.48,18777314,FB
2017-01-26,131.63,133.14,131.44,132.78,20020141,FB
2017-01-27,132.68,132.95,131.08,132.18,19539514,FB
2017-01-30,131.58,131.58,129.6,130.98,18956095,FB
2017-01-31,130.17,130.66,129.52,130.32,19790484,FB
2017-02-01,132.25,133.49,130.68,133.23,50139775,FB
2017-02-02,133.22,135.49,130.4,130.84,54366447,FB
2017-02-03,131.24,132.85,130.76,130.98,24804890,FB
2017-02-06,130.98,132.06,130.3,132.06,17058494,FB
2017-02-07,132.24,133,131.66,131.84,14596449,FB
2017-02-08,132.6,134.44,132.44,134.2,22390556,FB
2017-02-09,134.49,134.5,133.31,134.14,16470609,FB
2017-02-10,134.1,134.94,133.68,134.19,15061939,FB
2017-02-13,134.7,134.7,133.7,134.05,13526221,FB
2017-02-14,134.1,134.23,132.55,133.85,14364877,FB
2017-02-15,133.45,133.7,132.66,133.44,13226534,FB
2017-02-16,133.07,133.87,133.02,133.84,12831092,FB
2017-02-17,133.5,134.09,133.17,133.53,12276490,FB
2017-02-21,133.5,133.91,132.9,133.72,14759109,FB
2017-02-22,133.6,136.79,133.46,136.12,27360092,FB
2017-02-23,135.89,136.12,134.33,135.36,18422549,FB
2017-02-24,134.16,135.62,134.16,135.44,12625742,FB
2017-02-27,135.26,137.18,135.02,136.41,14306668,FB
2017-02-28,136.79,136.8,134.75,135.54,16112092,FB
2017-03-01,136.47,137.48,136.3,137.42,16257010,FB
2017-03-02,137.09,137.82,136.31,136.76,12294804,FB
2017-03-03,136.63,137.33,136.08,137.17,11160563,FB
2017-03-06,136.88,137.83,136.51,137.42,12748179,FB
2017-03-07,137.03,138.37,136.99,137.3,13527132,FB
2017-03-08,137.15,137.99,137.05,137.72,10184514,FB
2017-03-09,137.72,138.57,137.4,138.24,15535259,FB
2017-03-10,138.91,139.49,138.22,138.79,16314113,FB
2017-03-13,138.71,139.68,138.67,139.6,10955450,FB
2017-03-14,139.46,139.46,138.52,139.32,12944018,FB
2017-03-15,139.29,140.1,138.49,139.72,19344826,FB
2017-03-16,140.2,140.25,139.73,139.99,13612942,FB
2017-03-17,140.34,140.34,139.7,139.84,20592818,FB
2017-03-20,139.71,140.19,139.25,139.94,12099471,FB
2017-03-21,141.15,142.31,138.4,138.51,29894784,FB
2017-03-22,137.93,139.79,137.6,139.59,17055449,FB
2017-03-23,139.48,140.39,139.09,139.53,13022801,FB
2017-03-24,140.08,141.02,139.76,140.34,16664683,FB
2017-03-27,139.05,140.65,138.77,140.32,12800544,FB
2017-03-28,140.36,141.95,140.01,141.76,14679436,FB
2017-03-29,141.99,142.86,141.43,142.65,16527574,FB
2017-03-30,142.4,142.95,141.85,142.41,12403997,FB
2017-03-31,142.31,142.63,141.89,142.05,11478265,FB
2017-04-03,141.93,142.47,140.82,142.28,13563960,FB
2017-04-04,141.86,142.09,141.27,141.73,12948599,FB
2017-04-05,142.26,143.44,141.29,141.85,17158059,FB
2017-04-06,142.11,142.22,140.91,141.17,15103426,FB
2017-04-07,141.2,141.55,140.24,140.78,11818341,FB
2017-04-10,141,141.43,140.63,141.04,9039366,FB
2017-04-11,140.8,141.03,138.81,139.92,16638087,FB
2017-04-12,139.72,140.4,139.44,139.58,11612456,FB
2017-04-13,139.62,140.58,139.33,139.39,10965614,FB
2017-04-17,139.76,141.55,139.75,141.42,11519663,FB
2017-04-18,141.27,141.9,140.61,140.96,14807472,FB
2017-04-19,141.35,143.04,141.27,142.27,15563945,FB
2017-04-20,142.95,144.25,142.69,143.8,15968164,FB
2017-04-21,143.9,144.17,142.27,143.68,12382002,FB
2017-04-24,144.96,145.67,144.34,145.47,14407175,FB
2017-04-25,145.79,147.15,145.79,146.49,17767523,FB
2017-04-26,147.09,147.59,146.09,146.56,12394959,FB
2017-04-27,146.67,147.75,146.14,147.7,11275112,FB
2017-04-28,149.5,151.53,149.07,150.25,30652248,FB
2017-05-01,151.74,152.57,151.42,152.46,25218300,FB
2017-05-02,153.34,153.44,151.66,152.78,21870380,FB
2017-05-03,153.6,153.6,151.34,151.8,29782492,FB
2017-05-04,150.17,151.52,148.72,150.85,36225452,FB
2017-05-05,151.45,151.63,149.79,150.24,17148543,FB
2017-05-08,150.71,151.08,149.74,151.06,15827488,FB
2017-05-09,151.49,152.59,150.21,150.48,17453859,FB
2017-05-10,150.23,150.52,148.86,150.29,12080650,FB
2017-05-11,150.31,150.65,149.41,150.04,11841864,FB
2017-05-12,150.4,150.46,149.63,150.33,9598229,FB
2017-05-15,150.17,151.48,149.77,150.19,15064664,FB
2017-05-16,150.11,150.21,149.03,149.78,14550830,FB
2017-05-17,148,148.67,144.42,144.85,28300050,FB
2017-05-18,144.72,148.15,144.51,147.66,23031566,FB
2017-05-19,148.44,149.39,147.96,148.06,16187892,FB
2017-05-22,148.08,148.59,147.69,148.24,12586712,FB
2017-05-23,148.52,148.81,147.25,148.07,12817837,FB
2017-05-24,148.51,150.23,148.42,150.04,17940668,FB
2017-05-25,150.3,152.59,149.95,151.96,19891352,FB
2017-05-26,152.23,152.25,151.15,152.13,14996185,FB
2017-05-30,151.97,152.9,151.64,152.38,13226007,FB
2017-05-31,152.7,153.35,151.09,151.46,18023917,FB
2017-06-01,151.75,152.29,150.3,151.53,14530600,FB
2017-06-02,151.85,153.63,151.3,153.61,16854365,FB
2017-06-05,153.64,154.71,153.41,153.63,12520387,FB
2017-06-06,153.41,154.52,152.48,152.81,13457119,FB
2017-06-07,153.27,153.75,152.34,153.12,12066657,FB
2017-06-08,154.08,154.73,153.1,154.71,17799449,FB
2017-06-09,154.77,155.59,146.61,149.6,35577676,FB
2017-06-12,148.17,149.2,144.56,148.44,33170180,FB
2017-06-13,150.15,151.18,148.9,150.68,20483350,FB
2017-06-14,151.26,152.4,149.05,150.25,20808759,FB
2017-06-15,147.67,150.04,146.37,149.8,18994152,FB
2017-06-16,149.59,150.83,148.6,150.64,22882417,FB
2017-06-19,151.71,153.57,151.71,152.87,19026462,FB
2017-06-20,152.88,153.84,152.21,152.25,14743853,FB
2017-06-21,152.36,154.08,151.88,153.91,15039834,FB
2017-06-22,153.01,154.55,152.91,153.4,13005535,FB
2017-06-23,152.72,155.2,152.65,155.07,18026977,FB
2017-06-26,156.25,156.5,153.2,153.59,18049651,FB
2017-06-27,152.84,153.31,150.39,150.58,19360766,FB
2017-06-28,150.92,153.47,149.86,153.24,16719104,FB
2017-06-29,152.28,152.5,148.92,151.04,23973482,FB
2017-06-30,151.9,151.92,150.06,150.98,17666022,FB
2017-07-03,151.72,152.15,147.8,148.43,13862735,FB
2017-07-05,149,150.85,148.13,150.34,14334290,FB
2017-07-06,149.03,150.04,148,148.82,14951802,FB
2017-07-07,149.25,151.99,149.19,151.44,13615931,FB
2017-07-10,151.69,153.98,151.51,153.5,13378672,FB
2017-07-11,153.37,155.42,152.91,155.27,13667744,FB
2017-07-12,156.49,159.16,156.2,158.9,22739388,FB
2017-07-13,158.74,159.78,158.42,159.26,13929236,FB
2017-07-14,160.13,160.32,159.33,159.97,16371207,FB
2017-07-17,160.25,160.78,158.81,159.73,12858836,FB
2017-07-18,159.66,163.73,159.42,162.86,23722910,FB
2017-07-19,163.59,165.7,163.17,164.14,26273642,FB
2017-07-20,164.8,165,162.81,164.53,18523107,FB
2017-07-21,164.16,165.05,163.75,164.43,14744002,FB
2017-07-24,164.64,166.17,164.31,166,17366971,FB
2017-07-25,165.01,165.54,163.86,165.28,15383241,FB
2017-07-26,166.01,166.01,164.1,165.61,35236867,FB
2017-07-27,174.7,175.49,167.5,170.44,68910708,FB
2017-07-28,169.07,173.43,169.05,172.45,24557553,FB
2017-07-31,172,172.72,168.55,169.25,25478945,FB
2017-08-01,169.82,170.47,169.05,169.86,14384957,FB
2017-08-02,170.3,170.55,166.91,169.3,17433774,FB
2017-08-03,169.3,169.7,168.25,168.59,10793841,FB
2017-08-04,168.97,170.06,168.69,169.62,10777727,FB
2017-08-07,169.95,172.06,169.66,171.98,12787844,FB
2017-08-08,171.88,173.05,170.62,171.23,14393524,FB
2017-08-09,169.98,171.45,169.56,171.18,10814984,FB
2017-08-10,170.06,170.59,166.85,167.4,20832746,FB
2017-08-11,167.95,168.82,166.85,168.08,13791153,FB
2017-08-14,170.09,171.08,169.29,170.75,12954231,FB
2017-08-15,171.49,171.5,170.01,171,8729172,FB
2017-08-16,171.25,171.38,169.24,170,15779924,FB
2017-08-17,169.34,169.86,166.85,166.91,17216030,FB
2017-08-18,166.84,168.67,166.21,167.41,15093638,FB
2017-08-21,167.16,168,165.82,167.78,11907488,FB
2017-08-22,168.28,169.87,167.15,169.64,11390975,FB
2017-08-23,168.84,169.36,168.2,168.71,9856473,FB
2017-08-24,168.88,169.29,166.41,167.74,14030420,FB
2017-08-25,167.86,168.38,166.18,166.32,12614477,FB
2017-08-28,166.91,167.7,166.33,167.24,8553741,FB
2017-08-29,165.25,168.42,165,168.05,11120986,FB
2017-08-30,168.17,170.18,167.63,169.92,11138293,FB
2017-08-31,170.4,172.14,170.06,171.97,17226465,FB
2017-09-01,172.4,172.92,171.31,172.02,11677589,FB
2017-09-05,171.27,172.39,169.55,170.72,13221127,FB
2017-09-06,170.91,172.48,169.57,172.09,13906342,FB
2017-09-07,171.94,173.31,170.27,173.21,18049527,FB
2017-09-08,173.09,173.49,170.8,170.95,10998459,FB
2017-09-11,172.4,173.89,172.2,173.51,12372040,FB
2017-09-12,173.76,174,171.75,172.96,11186328,FB
2017-09-13,173.01,173.17,172.06,173.05,9119295,FB
2017-09-14,172.26,172.28,170.5,170.96,15615654,FB
2017-09-15,170.88,172.34,170.26,171.64,15660539,FB
2017-09-18,171.99,172.07,169.34,170.01,12954013,FB
2017-09-19,170.62,172.56,170.36,172.52,13168595,FB
2017-09-20,172.5,173.05,170.7,172.17,12264125,FB
2017-09-21,171.69,172.27,170.01,171.11,11161412,FB
2017-09-22,170.21,171.73,169.22,170.54,12097138,FB
2017-09-25,169.24,169.3,161.56,162.87,41251583,FB
2017-09-26,164.5,165.5,162.78,164.21,23363335,FB
2017-09-27,165.9,168.34,165.57,167.68,19048608,FB
2017-09-28,167.94,169.07,167.16,168.73,12178747,FB
2017-09-29,168.83,171.66,168.81,170.87,15340366,FB
2016-10-03,57.4,57.55,57.06,57.42,19189515,MSFT
2016-10-04,57.27,57.6,56.97,57.24,20085874,MSFT
2016-10-05,57.29,57.96,57.26,57.64,16726411,MSFT
2016-10-06,57.74,57.86,57.28,57.74,16212611,MSFT
2016-10-07,57.85,57.98,57.42,57.8,20089020,MSFT
2016-10-10,57.91,58.39,57.87,58.04,18196509,MSFT
2016-10-11,57.89,58.02,56.89,57.19,26497418,MSFT
2016-10-12,57.11,57.27,56.4,57.11,22177464,MSFT
2016-10-13,56.7,57.3,56.32,56.92,25313748,MSFT
2016-10-14,57.12,57.74,57.12,57.42,27402451,MSFT
2016-10-17,57.36,57.46,56.87,57.22,23830014,MSFT
2016-10-18,57.53,57.94,57.41,57.66,19149538,MSFT
2016-10-19,57.47,57.84,57.4,57.53,22878397,MSFT
2016-10-20,57.5,57.52,56.66,57.25,49455612,MSFT
2016-10-21,60.28,60.45,59.48,59.66,80032206,MSFT
2016-10-24,59.94,61,59.93,61,54066978,MSFT
2016-10-25,60.85,61.37,60.8,60.99,35137164,MSFT
2016-10-26,60.81,61.2,60.47,60.63,29911608,MSFT
2016-10-27,60.61,60.83,60.09,60.1,28479856,MSFT
2016-10-28,60.01,60.52,59.58,59.87,33574684,MSFT
2016-10-31,60.16,60.42,59.92,59.92,26434697,MSFT
2016-11-01,59.97,60.02,59.25,59.8,24532986,MSFT
2016-11-02,59.82,59.93,59.3,59.43,22147005,MSFT
2016-11-03,59.53,59.64,59.11,59.21,21600427,MSFT
2016-11-04,58.65,59.28,58.52,58.71,28697016,MSFT
2016-11-07,59.78,60.52,59.78,60.42,31664798,MSFT
2016-11-08,60.55,60.78,60.15,60.47,22935355,MSFT
2016-11-09,60,60.59,59.2,60.17,49632479,MSFT
2016-11-10,60.48,60.49,57.63,58.7,57822394,MSFT
2016-11-11,58.23,59.12,58.01,59.02,38767843,MSFT
2016-11-14,59.02,59.08,57.28,58.12,41328422,MSFT
2016-11-15,58.33,59.49,58.32,58.87,35904126,MSFT
2016-11-16,58.94,59.66,58.81,59.65,27332475,MSFT
2016-11-17,60.41,60.95,59.96,60.64,31463728,MSFT
2016-11-18,60.78,61.14,60.3,60.35,27686311,MSFT
2016-11-21,60.5,60.97,60.42,60.86,19652595,MSFT
2016-11-22,60.98,61.26,60.8,61.12,23206700,MSFT
2016-11-23,61.01,61.1,60.25,60.4,21848913,MSFT
2016-11-25,60.3,60.53,60.13,60.53,8409616,MSFT
2016-11-28,60.34,61.02,60.21,60.61,20732619,MSFT
2016-11-29,60.65,61.41,60.52,61.09,22366721,MSFT
2016-11-30,60.86,61.18,60.22,60.26,34655435,MSFT
2016-12-01,60.11,60.15,58.94,59.2,34542121,MSFT
2016-12-02,59.08,59.47,58.8,59.25,25515665,MSFT
2016-12-05,59.7,60.58,59.56,60.22,23552658,MSFT
2016-12-06,60.43,60.46,59.8,59.95,19907035,MSFT
2016-12-07,60.01,61.38,59.8,61.37,30808969,MSFT
2016-12-08,61.3,61.58,60.84,61.01,21220753,MSFT
2016-12-09,61.18,61.99,61.12,61.97,27349356,MSFT
2016-12-12,61.82,62.3,61.72,62.17,20198081,MSFT
2016-12-13,62.5,63.42,62.24,62.98,35718868,MSFT
2016-12-14,63,63.45,62.53,62.68,30352654,MSFT
2016-12-15,62.7,63.15,62.3,62.58,27669868,MSFT
2016-12-16,62.95,62.95,62.12,62.3,42453083,MSFT
2016-12-19,62.56,63.77,62.42,63.62,34338219,MSFT
2016-12-20,63.69,63.8,63.02,63.54,26028379,MSFT
2016-12-21,63.43,63.7,63.12,63.54,17096304,MSFT
2016-12-22,63.84,64.1,63.4,63.55,22176585,MSFT
2016-12-23,63.45,63.54,62.8,63.24,12403819,MSFT
2016-12-27,63.21,64.07,63.21,63.28,11763173,MSFT
2016-12-28,63.4,63.4,62.83,62.99,14653348,MSFT
2016-12-29,62.86,63.2,62.73,62.9,10250582,MSFT
2016-12-30,62.96,62.99,62.03,62.14,25579908,MSFT
2017-01-03,62.79,62.84,62.12,62.58,20694101,MSFT
2017-01-04,62.48,62.75,62.12,62.3,21339969,MSFT
2017-01-05,62.19,62.66,62.03,62.3,24875968,MSFT
2017-01-06,62.3,63.15,62.04,62.84,19922919,MSFT
2017-01-09,62.76,63.08,62.54,62.64,20382730,MSFT
2017-01-10,62.73,63.07,62.28,62.62,18593004,MSFT
2017-01-11,62.61,63.23,62.43,63.19,21517335,MSFT
2017-01-12,63.06,63.4,61.95,62.61,20968223,MSFT
2017-01-13,62.62,62.86,62.35,62.7,19422310,MSFT
2017-01-17,62.68,62.7,62.03,62.53,20663983,MSFT
2017-01-18,62.67,62.7,62.12,62.5,19670102,MSFT
2017-01-19,62.24,62.98,62.2,62.3,18451655,MSFT
2017-01-20,62.67,62.82,62.37,62.74,30213462,MSFT
2017-01-23,62.7,63.12,62.57,62.96,23097581,MSFT
2017-01-24,63.2,63.74,62.94,63.52,24672940,MSFT
2017-01-25,63.95,64.1,63.45,63.68,24654933,MSFT
2017-01-26,64.12,64.54,63.55,64.27,43554645,MSFT
2017-01-27,65.39,65.91,64.89,65.78,44817972,MSFT
2017-01-30,65.69,65.79,64.8,65.13,31651445,MSFT
2017-01-31,64.86,65.15,64.26,64.65,25270549,MSFT
2017-02-01,64.36,64.62,63.47,63.58,39671528,MSFT
2017-02-02,63.25,63.41,62.75,63.17,45827013,MSFT
2017-02-03,63.5,63.7,63.07,63.68,30301759,MSFT
2017-02-06,63.5,63.65,63.14,63.64,19796360,MSFT
2017-02-07,63.74,63.78,63.23,63.43,20277226,MSFT
2017-02-08,63.57,63.81,63.22,63.34,18096358,MSFT
2017-02-09,63.52,64.44,63.32,64.06,22644443,MSFT
2017-02-10,64.25,64.3,63.98,64,18170729,MSFT
2017-02-13,64.24,64.86,64.13,64.72,22920101,MSFT
2017-02-14,64.41,64.72,64.02,64.57,23108426,MSFT
2017-02-15,64.5,64.57,64.16,64.53,17005157,MSFT
2017-02-16,64.74,65.24,64.44,64.52,20546345,MSFT
2017-02-17,64.47,64.69,64.3,64.62,21248818,MSFT
2017-02-21,64.61,64.95,64.45,64.49,20655869,MSFT
2017-02-22,64.33,64.39,64.05,64.36,19292651,MSFT
2017-02-23,64.42,64.73,64.2,64.62,20273128,MSFT
2017-02-24,64.53,64.8,64.14,64.62,21796800,MSFT
2017-02-27,64.54,64.54,64.04,64.23,15871507,MSFT
2017-02-28,64.08,64.2,63.76,63.98,23239825,MSFT
2017-03-01,64.13,64.99,64.02,64.94,26937459,MSFT
2017-03-02,64.69,64.75,63.88,64.01,24539597,MSFT
2017-03-03,63.99,64.28,63.62,64.25,18139405,MSFT
2017-03-06,63.97,64.56,63.81,64.27,18750255,MSFT
2017-03-07,64.19,64.78,64.19,64.4,18520987,MSFT
2017-03-08,64.26,65.08,64.25,64.99,21510907,MSFT
2017-03-09,65.19,65.2,64.48,64.73,19846832,MSFT
2017-03-10,65.11,65.26,64.75,64.93,19538245,MSFT
2017-03-13,65.01,65.2,64.57,64.71,20100035,MSFT
2017-03-14,64.53,64.55,64.15,64.41,14280202,MSFT
2017-03-15,64.55,64.92,64.25,64.75,24833810,MSFT
2017-03-16,64.75,64.76,64.3,64.64,20674296,MSFT
2017-03-17,64.91,65.24,64.68,64.87,49219686,MSFT
2017-03-20,64.91,65.18,64.72,64.93,14598083,MSFT
2017-03-21,65.19,65.5,64.13,64.21,26640480,MSFT
2017-03-22,64.12,65.14,64.12,65.03,20680015,MSFT
2017-03-23,64.94,65.24,64.76,64.87,19269203,MSFT
2017-03-24,65.36,65.45,64.76,64.98,22617105,MSFT
2017-03-27,64.63,65.22,64.35,65.1,18614662,MSFT
2017-03-28,64.96,65.47,64.65,65.29,20080358,MSFT
2017-03-29,65.12,65.5,64.95,65.47,13618424,MSFT
2017-03-30,65.42,65.98,65.36,65.71,15122823,MSFT
2017-03-31,65.65,66.19,65.45,65.86,21040331,MSFT
2017-04-03,65.81,65.94,65.19,65.55,20400871,MSFT
2017-04-04,65.39,65.81,65.28,65.73,12997449,MSFT
2017-04-05,66.3,66.35,65.44,65.56,21448594,MSFT
2017-04-06,65.6,66.06,65.48,65.73,18103453,MSFT
2017-04-07,65.85,65.96,65.44,65.68,14108533,MSFT
2017-04-10,65.61,65.82,65.36,65.53,17952742,MSFT
2017-04-11,65.6,65.61,64.85,65.48,18791533,MSFT
2017-04-12,65.42,65.51,65.11,65.23,17108513,MSFT
2017-04-13,65.29,65.86,64.95,64.95,17896483,MSFT
2017-04-17,65.04,65.49,65.01,65.48,16689265,MSFT
2017-04-18,65.33,65.71,65.16,65.39,15155611,MSFT
2017-04-19,65.65,65.75,64.89,65.04,26992771,MSFT
2017-04-20,65.46,65.75,65.14,65.5,22299477,MSFT
2017-04-21,65.67,66.7,65.45,66.4,32522645,MSFT
2017-04-24,67.48,67.66,67.1,67.53,29769976,MSFT
2017-04-25,67.9,68.04,67.6,67.92,30242730,MSFT
2017-04-26,68.08,68.31,67.62,67.83,26190770,MSFT
2017-04-27,68.15,68.38,67.58,68.27,34970953,MSFT
2017-04-28,68.91,69.14,67.69,68.46,39548818,MSFT
2017-05-01,68.68,69.55,68.5,69.41,31954362,MSFT
2017-05-02,69.71,69.71,69.13,69.3,23906119,MSFT
2017-05-03,69.38,69.38,68.71,69.08,28927973,MSFT
2017-05-04,69.03,69.08,68.64,68.81,21749409,MSFT
2017-05-05,68.9,69.03,68.48,69,19128782,MSFT
2017-05-08,68.97,69.05,68.42,68.94,18566087,MSFT
2017-05-09,68.86,69.28,68.68,69.04,22858414,MSFT
2017-05-10,68.99,69.56,68.92,69.31,17977830,MSFT
2017-05-11,68.36,68.73,68.12,68.46,28789413,MSFT
2017-05-12,68.61,68.61,68.04,68.38,18714123,MSFT
2017-05-15,68.14,68.48,67.57,68.43,31530301,MSFT
2017-05-16,68.23,69.44,68.16,69.41,34956038,MSFT
2017-05-17,68.89,69.1,67.43,67.48,30548781,MSFT
2017-05-18,67.4,68.13,67.14,67.71,25201274,MSFT
2017-05-19,67.5,68.1,67.43,67.69,26961119,MSFT
2017-05-22,67.89,68.5,67.5,68.45,16237550,MSFT
2017-05-23,68.72,68.75,68.38,68.68,15425824,MSFT
2017-05-24,68.87,68.88,68.45,68.77,14666865,MSFT
2017-05-25,68.97,69.88,68.91,69.62,21854095,MSFT
2017-05-26,69.8,70.22,69.52,69.96,19827923,MSFT
2017-05-30,69.79,70.41,69.77,70.41,17072838,MSFT
2017-05-31,70.53,70.74,69.81,69.84,30436364,MSFT
2017-06-01,70.24,70.61,69.45,70.1,21603601,MSFT
2017-06-02,70.44,71.86,70.24,71.76,34770261,MSFT
2017-06-05,71.97,72.89,71.81,72.28,33316760,MSFT
2017-06-06,72.3,72.62,72.27,72.52,31511065,MSFT
2017-06-07,72.64,72.77,71.95,72.39,22301765,MSFT
2017-06-08,72.51,72.52,71.5,71.95,24588270,MSFT
2017-06-09,72.04,72.08,68.59,70.32,49187396,MSFT
2017-06-12,69.25,69.94,68.13,69.78,47761743,MSFT
2017-06-13,70.02,70.82,69.96,70.65,25258614,MSFT
2017-06-14,70.91,71.1,69.43,70.27,25510685,MSFT
2017-06-15,69.27,70.21,68.8,69.9,26068709,MSFT
2017-06-16,69.73,70.03,69.22,70,48345085,MSFT
2017-06-19,70.5,70.94,70.35,70.87,23798268,MSFT
2017-06-20,70.82,70.87,69.87,69.91,21512231,MSFT
2017-06-21,70.21,70.62,69.94,70.27,19891051,MSFT
2017-06-22,70.54,70.59,69.71,70.26,22965738,MSFT
2017-06-23,70.09,71.25,69.92,71.21,27617291,MSFT
2017-06-26,71.4,71.71,70.44,70.53,19606974,MSFT
2017-06-27,70.11,70.18,69.18,69.21,25215128,MSFT
2017-06-28,69.21,69.84,68.79,69.8,25806200,MSFT
2017-06-29,69.38,69.49,68.09,68.49,28918715,MSFT
2017-06-30,68.78,69.38,68.74,68.93,24161068,MSFT
2017-07-03,69.33,69.6,68.02,68.17,16165538,MSFT
2017-07-05,68.26,69.44,68.22,69.08,21176272,MSFT
2017-07-06,68.27,68.78,68.12,68.57,21117572,MSFT
2017-07-07,68.7,69.84,68.7,69.46,16878317,MSFT
2017-07-10,69.46,70.25,69.2,69.98,15014503,MSFT
2017-07-11,70.11,70.68,69.75,69.99,17460022,MSFT
2017-07-12,70.69,71.28,70.55,71.15,17750925,MSFT
2017-07-13,71.5,72.04,71.31,71.77,20269816,MSFT
2017-07-14,72.24,73.27,71.96,72.78,25868086,MSFT
2017-07-17,72.8,73.45,72.72,73.35,21803907,MSFT
2017-07-18,73.09,73.39,72.66,73.3,26435296,MSFT
2017-07-19,73.5,74.04,73.45,73.86,22416222,MSFT
2017-07-20,74.18,74.3,73.28,74.22,42361025,MSFT
2017-07-21,73.45,74.29,73.17,73.79,46717082,MSFT
2017-07-24,73.53,73.75,73.13,73.6,21394826,MSFT
2017-07-25,73.8,74.31,73.5,74.19,22018681,MSFT
2017-07-26,74.34,74.38,73.81,74.05,16252233,MSFT
2017-07-27,73.76,74.42,72.32,73.16,36844220,MSFT
2017-07-28,72.67,73.31,72.54,73.04,18306680,MSFT
2017-07-31,73.3,73.44,72.41,72.7,23600054,MSFT
2017-08-01,73.1,73.42,72.49,72.58,20823890,MSFT
2017-08-02,72.55,72.56,71.44,72.26,26499158,MSFT
2017-08-03,72.19,72.44,71.84,72.15,18214424,MSFT
2017-08-04,72.4,73.04,72.24,72.68,22578952,MSFT
2017-08-07,72.8,72.9,72.26,72.4,18705681,MSFT
2017-08-08,72.09,73.13,71.75,72.79,22044587,MSFT
2017-08-09,72.25,72.51,72.05,72.47,22213410,MSFT
2017-08-10,71.9,72.19,71.35,71.41,24734461,MSFT
2017-08-11,71.61,72.7,71.28,72.5,21443675,MSFT
2017-08-14,73.06,73.72,72.95,73.59,20096592,MSFT
2017-08-15,73.59,73.59,73.04,73.22,19181402,MSFT
2017-08-16,73.34,74.1,73.17,73.65,18150402,MSFT
2017-08-17,73.58,73.87,72.4,72.4,22977519,MSFT
2017-08-18,72.27,72.84,71.93,72.49,18761491,MSFT
2017-08-21,72.47,72.48,71.7,72.15,17734767,MSFT
2017-08-22,72.35,73.24,72.35,73.16,14343674,MSFT
2017-08-23,72.96,73.15,72.53,72.72,13766507,MSFT
2017-08-24,72.74,72.86,72.07,72.69,17098282,MSFT
2017-08-25,72.86,73.35,72.48,72.82,12794301,MSFT
2017-08-28,73.06,73.09,72.55,72.83,14569715,MSFT
2017-08-29,72.25,73.16,72.05,73.05,11478382,MSFT
2017-08-30,73.01,74.21,72.83,74.01,16897801,MSFT
2017-08-31,74.03,74.96,73.8,74.77,27652811,MSFT
2017-09-01,74.71,74.74,73.64,73.94,21736161,MSFT
2017-09-05,73.34,73.89,72.98,73.61,22242384,MSFT
2017-09-06,73.74,74.04,73.35,73.4,16535785,MSFT
2017-09-07,73.68,74.6,73.6,74.34,17471200,MSFT
2017-09-08,74.33,74.44,73.84,73.98,14703816,MSFT
2017-09-11,74.31,74.94,74.31,74.76,17910383,MSFT
2017-09-12,74.76,75.24,74.37,74.68,14394850,MSFT
2017-09-13,74.93,75.23,74.55,75.21,13380802,MSFT
2017-09-14,75,75.49,74.52,74.77,15733914,MSFT
2017-09-15,74.83,75.39,74.07,75.31,38578441,MSFT
2017-09-18,75.23,75.97,75.04,75.16,23306959,MSFT
2017-09-19,75.21,75.71,75.01,75.44,16093344,MSFT
2017-09-20,75.35,75.55,74.31,74.94,21587878,MSFT
2017-09-21,75.11,75.24,74.11,74.21,19186140,MSFT
2017-09-22,73.99,74.51,73.85,74.41,14111365,MSFT
2017-09-25,74.09,74.25,72.92,73.26,24149163,MSFT
2017-09-26,73.67,73.81,72.99,73.26,18019577,MSFT
2017-09-27,73.55,74.17,73.17,73.85,19375099,MSFT
2017-09-28,73.54,73.97,73.31,73.87,10883787,MSFT
2017-09-29,73.94,74.54,73.88,74.49,17079114,MSFT
2016-10-03,112.71,113.05,112.28,112.52,21701760,AAPL
2016-10-04,113.06,114.31,112.63,113,29736835,AAPL
2016-10-05,113.4,113.66,112.69,113.05,21453089,AAPL
2016-10-06,113.7,114.34,113.13,113.89,28779313,AAPL
2016-10-07,114.31,114.56,113.51,114.06,24358443,AAPL
2016-10-10,115.02,116.75,114.72,116.05,36235956,AAPL
2016-10-11,117.7,118.69,116.2,116.3,64041043,AAPL
2016-10-12,117.35,117.98,116.75,117.34,37586787,AAPL
2016-10-13,116.79,117.44,115.72,116.98,35192406,AAPL
2016-10-14,117.88,118.17,117.13,117.63,35652191,AAPL
2016-10-17,117.33,117.84,116.78,117.55,23624896,AAPL
2016-10-18,118.18,118.21,117.45,117.47,24553478,AAPL
2016-10-19,117.25,117.76,113.8,117.12,20034594,AAPL
2016-10-20,116.86,117.38,116.33,117.06,24125801,AAPL
2016-10-21,116.81,116.91,116.28,116.6,23192665,AAPL
2016-10-24,117.1,117.74,117,117.65,23538673,AAPL
2016-10-25,117.95,118.36,117.31,118.25,48128970,AAPL
2016-10-26,114.31,115.7,113.31,115.59,66134219,AAPL
2016-10-27,115.39,115.86,114.1,114.48,34562045,AAPL
2016-10-28,113.87,115.21,113.45,113.72,37861662,AAPL
2016-10-31,113.65,114.23,113.2,113.54,26419398,AAPL
2016-11-01,113.46,113.77,110.53,111.49,43825812,AAPL
2016-11-02,111.4,112.35,111.23,111.59,28331709,AAPL
2016-11-03,110.98,111.46,109.55,109.83,26932602,AAPL
2016-11-04,108.53,110.25,108.11,108.84,30836997,AAPL
2016-11-07,110.08,110.51,109.46,110.41,32560000,AAPL
2016-11-08,110.31,111.72,109.7,111.06,24254179,AAPL
2016-11-09,109.88,111.32,108.05,110.88,59176361,AAPL
2016-11-10,111.09,111.09,105.83,107.79,57134541,AAPL
2016-11-11,107.12,108.87,106.55,108.43,34143898,AAPL
2016-11-14,107.71,107.81,104.08,105.71,51175504,AAPL
2016-11-15,106.57,107.68,106.16,107.11,32264510,AAPL
2016-11-16,106.7,110.23,106.6,109.99,58840522,AAPL
2016-11-17,109.81,110.35,108.83,109.95,26964598,AAPL
2016-11-18,109.72,110.54,109.66,110.06,28428917,AAPL
2016-11-21,110.12,111.99,110.01,111.73,29264571,AAPL
2016-11-22,111.95,112.42,111.4,111.8,25965534,AAPL
2016-11-23,111.36,111.51,110.33,111.23,27426394,AAPL
2016-11-25,111.47,111.87,110.95,111.79,11475922,AAPL
2016-11-28,111.43,112.46,111.39,111.57,27193983,AAPL
2016-11-29,110.78,112.03,110.07,111.46,28528750,AAPL
2016-11-30,111.6,112.2,110.27,110.52,36162258,AAPL
2016-12-01,110.36,110.94,109.03,109.49,37086862,AAPL
2016-12-02,109.17,110.09,108.85,109.9,26527997,AAPL
2016-12-05,110,110.03,108.25,109.11,34324540,AAPL
2016-12-06,109.5,110.36,109.19,109.95,26195462,AAPL
2016-12-07,109.26,111.19,109.16,111.03,29998719,AAPL
2016-12-08,110.86,112.43,110.6,112.12,27068316,AAPL
2016-12-09,112.31,114.7,112.31,113.95,34402627,AAPL
2016-12-12,113.29,115,112.49,113.3,26374377,AAPL
2016-12-13,113.84,115.92,113.75,115.19,43733811,AAPL
2016-12-14,115.04,116.2,114.98,115.19,34031834,AAPL
2016-12-15,115.38,116.73,115.23,115.82,46524544,AAPL
2016-12-16,116.47,116.5,115.64,115.97,44351134,AAPL
2016-12-19,115.8,117.38,115.75,116.64,27779423,AAPL
2016-12-20,116.74,117.5,116.68,116.95,21424965,AAPL
2016-12-21,116.8,117.4,116.78,117.06,23783165,AAPL
2016-12-22,116.35,116.51,115.64,116.29,26085854,AAPL
2016-12-23,115.59,116.52,115.59,116.52,14249484,AAPL
2016-12-27,116.52,117.8,116.49,117.26,18296855,AAPL
2016-12-28,117.52,118.02,116.2,116.76,20905892,AAPL
2016-12-29,116.45,117.11,116.4,116.73,15039519,AAPL
2016-12-30,116.65,117.2,115.43,115.82,30586265,AAPL
2017-01-03,115.8,116.33,114.76,116.15,28781865,AAPL
2017-01-04,115.85,116.51,115.75,116.02,21118116,AAPL
2017-01-05,115.92,116.86,115.81,116.61,22193587,AAPL
2017-01-06,116.78,118.16,116.47,117.91,31751900,AAPL
2017-01-09,117.95,119.43,117.94,118.99,33561948,AAPL
2017-01-10,118.77,119.38,118.3,119.11,24462051,AAPL
2017-01-11,118.74,119.93,118.6,119.75,27588593,AAPL
2017-01-12,118.9,119.3,118.21,119.25,27086220,AAPL
2017-01-13,119.11,119.62,118.81,119.04,26111948,AAPL
2017-01-17,118.34,120.24,118.22,120,34439843,AAPL
2017-01-18,120,120.5,119.71,119.99,23712961,AAPL
2017-01-19,119.4,120.09,119.37,119.78,25597291,AAPL
2017-01-20,120.45,120.45,119.73,120,32597892,AAPL
2017-01-23,120,120.81,119.77,120.08,22050218,AAPL
2017-01-24,119.55,120.1,119.5,119.97,23211038,AAPL
2017-01-25,120.42,122.1,120.28,121.88,32586673,AAPL
2017-01-26,121.67,122.44,121.6,121.94,26337576,AAPL
2017-01-27,122.14,122.35,121.6,121.95,20562944,AAPL
2017-01-30,120.93,121.63,120.66,121.63,30377503,AAPL
2017-01-31,121.15,121.39,120.62,121.35,49200993,AAPL
2017-02-01,127.03,130.49,127.01,128.75,111985040,AAPL
2017-02-02,127.98,129.39,127.78,128.53,33710411,AAPL
2017-02-03,128.31,129.19,128.16,129.08,24507301,AAPL
2017-02-06,129.13,130.5,128.9,130.29,26845924,AAPL
2017-02-07,130.54,132.09,130.45,131.53,38183841,AAPL
2017-02-08,131.35,132.22,131.22,132.04,23004072,AAPL
2017-02-09,131.65,132.44,131.12,132.42,28349859,AAPL
2017-02-10,132.46,132.94,132.05,132.12,20065458,AAPL
2017-02-13,133.08,133.82,132.75,133.29,23035421,AAPL
2017-02-14,133.47,135.09,133.25,135.02,33226223,AAPL
2017-02-15,135.52,136.27,134.62,135.51,35623100,AAPL
2017-02-16,135.67,135.9,134.84,135.34,22584555,AAPL
2017-02-17,135.1,135.83,135.1,135.72,22198197,AAPL
2017-02-21,136.23,136.75,135.98,136.7,24507156,AAPL
2017-02-22,136.43,137.12,136.11,137.11,20836932,AAPL
2017-02-23,137.38,137.48,136.3,136.53,20788186,AAPL
2017-02-24,135.91,136.66,135.28,136.66,21776585,AAPL
2017-02-27,137.14,137.44,136.28,136.93,20257426,AAPL
2017-02-28,137.08,137.44,136.7,136.99,23482860,AAPL
2017-03-01,137.89,140.15,137.6,139.79,36414585,AAPL
2017-03-02,140,140.28,138.76,138.96,26210984,AAPL
2017-03-03,138.78,139.83,138.59,139.78,21571121,AAPL
2017-03-06,139.36,139.77,138.6,139.34,21750044,AAPL
2017-03-07,139.06,139.98,138.79,139.52,17446297,AAPL
2017-03-08,138.95,139.8,138.82,139,18707236,AAPL
2017-03-09,138.74,138.79,137.05,138.68,22155904,AAPL
2017-03-10,139.25,139.36,138.64,139.14,19612801,AAPL
2017-03-13,138.85,139.43,138.82,139.2,17421717,AAPL
2017-03-14,139.3,139.65,138.84,138.99,15309065,AAPL
2017-03-15,139.41,140.75,139.02,140.46,25691774,AAPL
2017-03-16,140.72,141.02,140.26,140.69,19231998,AAPL
2017-03-17,141,141,139.89,139.99,43884952,AAPL
2017-03-20,140.4,141.5,140.23,141.46,21542038,AAPL
2017-03-21,142.11,142.8,139.73,139.84,39529912,AAPL
2017-03-22,139.84,141.6,139.76,141.42,25860165,AAPL
2017-03-23,141.26,141.58,140.61,140.92,20346301,AAPL
2017-03-24,141.5,141.74,140.35,140.64,22395563,AAPL
2017-03-27,139.39,141.22,138.62,140.88,23575094,AAPL
2017-03-28,140.91,144.04,140.62,143.8,33374805,AAPL
2017-03-29,143.68,144.49,143.19,144.12,29189955,AAPL
2017-03-30,144.19,144.5,143.5,143.93,21207252,AAPL
2017-03-31,143.72,144.27,143.01,143.66,19661651,AAPL
2017-04-03,143.71,144.12,143.05,143.7,19985714,AAPL
2017-04-04,143.25,144.89,143.17,144.77,19891354,AAPL
2017-04-05,144.22,145.46,143.81,144.02,27717854,AAPL
2017-04-06,144.29,144.52,143.45,143.66,21149034,AAPL
2017-04-07,143.73,144.18,143.27,143.34,16672198,AAPL
2017-04-10,143.6,143.88,142.9,143.17,18933397,AAPL
2017-04-11,142.94,143.35,140.06,141.63,30379376,AAPL
2017-04-12,141.6,142.15,141.01,141.8,20350000,AAPL
2017-04-13,141.91,142.38,141.05,141.05,17822880,AAPL
2017-04-17,141.48,141.88,140.87,141.83,16582094,AAPL
2017-04-18,141.41,142.04,141.11,141.2,14697544,AAPL
2017-04-19,141.88,142,140.45,140.68,17328375,AAPL
2017-04-20,141.22,142.92,141.16,142.44,23319562,AAPL
2017-04-21,142.44,142.68,141.85,142.27,17320928,AAPL
2017-04-24,143.5,143.95,143.18,143.64,17134333,AAPL
2017-04-25,143.91,144.9,143.87,144.53,18871501,AAPL
2017-04-26,144.47,144.6,143.38,143.68,20041241,AAPL
2017-04-27,143.92,144.16,143.31,143.79,14246347,AAPL
2017-04-28,144.09,144.3,143.27,143.65,20860358,AAPL
2017-05-01,145.1,147.2,144.96,146.58,33602943,AAPL
2017-05-02,147.54,148.09,146.84,147.51,45352194,AAPL
2017-05-03,145.59,147.49,144.27,147.06,45697034,AAPL
2017-05-04,146.52,147.14,145.81,146.53,23371872,AAPL
2017-05-05,146.76,148.98,146.76,148.96,27327725,AAPL
2017-05-08,149.03,153.7,149.03,153.01,48752413,AAPL
2017-05-09,153.87,154.88,153.45,153.99,39130363,AAPL
2017-05-10,153.63,153.94,152.11,153.26,25805692,AAPL
2017-05-11,152.45,154.07,152.31,153.95,27255058,AAPL
2017-05-12,154.7,156.42,154.67,156.1,32527017,AAPL
2017-05-15,156.01,156.65,155.05,155.7,26009719,AAPL
2017-05-16,155.94,156.06,154.72,155.47,20048478,AAPL
2017-05-17,153.6,154.57,149.71,150.25,50767678,AAPL
2017-05-18,151.27,153.34,151.13,152.54,33568215,AAPL
2017-05-19,153.38,153.98,152.63,153.06,26960788,AAPL
2017-05-22,154,154.58,152.91,153.99,22966437,AAPL
2017-05-23,154.9,154.9,153.31,153.8,19918871,AAPL
2017-05-24,153.84,154.17,152.67,153.34,19219154,AAPL
2017-05-25,153.73,154.35,153.03,153.87,19235598,AAPL
2017-05-26,154,154.24,153.31,153.61,21927637,AAPL
2017-05-30,153.42,154.43,153.33,153.67,20126851,AAPL
2017-05-31,153.97,154.17,152.38,152.76,24451164,AAPL
2017-06-01,153.17,153.33,152.22,153.18,16404088,AAPL
2017-06-02,153.58,155.45,152.89,155.45,27770715,AAPL
2017-06-05,154.34,154.45,153.46,153.93,25331662,AAPL
2017-06-06,153.9,155.81,153.78,154.45,26624926,AAPL
2017-06-07,155.02,155.98,154.48,155.37,21069647,AAPL
2017-06-08,155.25,155.54,154.4,154.99,21250798,AAPL
2017-06-09,155.19,155.19,146.02,148.98,64882657,AAPL
2017-06-12,145.74,146.09,142.51,145.42,72307330,AAPL
2017-06-13,147.16,147.45,145.15,146.59,34165445,AAPL
2017-06-14,147.5,147.5,143.84,145.16,31531232,AAPL
2017-06-15,143.32,144.48,142.21,144.29,32165373,AAPL
2017-06-16,143.78,144.5,142.2,142.27,50361093,AAPL
2017-06-19,143.66,146.74,143.66,146.34,32541404,AAPL
2017-06-20,146.87,146.87,144.94,145.01,24900073,AAPL
2017-06-21,145.52,146.07,144.61,145.87,21265751,AAPL
2017-06-22,145.77,146.7,145.12,145.63,19106294,AAPL
2017-06-23,145.13,147.16,145.11,146.28,35439389,AAPL
2017-06-26,147.17,148.28,145.38,145.82,25692361,AAPL
2017-06-27,145.01,146.16,143.62,143.73,24761891,AAPL
2017-06-28,144.49,146.11,143.16,145.83,22082432,AAPL
2017-06-29,144.71,145.13,142.28,143.68,31499368,AAPL
2017-06-30,144.45,144.96,143.78,144.02,23024107,AAPL
2017-07-03,144.88,145.3,143.1,143.5,14277848,AAPL
2017-07-05,143.69,144.79,142.72,144.09,21569557,AAPL
2017-07-06,143.02,143.5,142.41,142.73,24128782,AAPL
2017-07-07,142.9,144.75,142.9,144.18,19201712,AAPL
2017-07-10,144.11,145.95,143.37,145.06,21090636,AAPL
2017-07-11,144.73,145.85,144.38,145.53,19781836,AAPL
2017-07-12,145.87,146.18,144.82,145.74,24884478,AAPL
2017-07-13,145.5,148.49,145.44,147.77,25199373,AAPL
2017-07-14,147.97,149.33,147.33,149.04,20132061,AAPL
2017-07-17,148.82,150.9,148.57,149.56,23793456,AAPL
2017-07-18,149.2,150.13,148.67,150.08,17868792,AAPL
2017-07-19,150.48,151.42,149.95,151.02,20922969,AAPL
2017-07-20,151.5,151.74,150.19,150.34,17243748,AAPL
2017-07-21,149.99,150.44,148.88,150.27,26252630,AAPL
2017-07-24,150.58,152.44,149.9,152.09,21493160,AAPL
2017-07-25,151.8,153.84,151.8,152.74,18853932,AAPL
2017-07-26,153.35,153.93,153.06,153.46,15780951,AAPL
2017-07-27,153.75,153.99,147.3,150.56,32476337,AAPL
2017-07-28,149.89,150.23,149.19,149.5,17213653,AAPL
2017-07-31,149.9,150.33,148.13,148.73,19845920,AAPL
2017-08-01,149.1,150.22,148.41,150.05,35368645,AAPL
2017-08-02,159.28,159.75,156.16,157.14,69936800,AAPL
2017-08-03,157.05,157.21,155.02,155.57,27097296,AAPL
2017-08-04,156.07,157.4,155.69,156.39,20559852,AAPL
2017-08-07,157.06,158.92,156.67,158.81,21870321,AAPL
2017-08-08,158.6,161.83,158.27,160.08,36205896,AAPL
2017-08-09,159.26,161.27,159.11,161.06,26131530,AAPL
2017-08-10,159.9,160,154.63,155.32,40804273,AAPL
2017-08-11,156.6,158.57,156.07,157.48,26257096,AAPL
2017-08-14,159.32,160.21,158.75,159.85,22122734,AAPL
2017-08-15,160.66,162.2,160.14,161.6,29465487,AAPL
2017-08-16,161.94,162.51,160.15,160.95,27671612,AAPL
2017-08-17,160.52,160.71,157.84,157.86,27940565,AAPL
2017-08-18,157.86,159.5,156.72,157.5,27428069,AAPL
2017-08-21,157.5,157.89,155.11,157.21,26368528,AAPL
2017-08-22,158.23,160,158.02,159.78,21604585,AAPL
2017-08-23,159.07,160.47,158.88,159.98,19399081,AAPL
2017-08-24,160.43,160.74,158.55,159.27,19818918,AAPL
2017-08-25,159.65,160.56,159.27,159.86,25480063,AAPL
2017-08-28,160.14,162,159.93,161.47,25965972,AAPL
2017-08-29,160.1,163.12,160,162.91,29516910,AAPL
2017-08-30,163.8,163.89,162.61,163.35,27269584,AAPL
2017-08-31,163.64,164.52,163.48,164,26785096,AAPL
2017-09-01,164.8,164.94,163.63,164.05,16591051,AAPL
2017-09-05,163.75,164.25,160.56,162.08,29536314,AAPL
2017-09-06,162.71,162.99,160.52,161.91,21651726,AAPL
2017-09-07,162.09,162.24,160.36,161.26,21928502,AAPL
2017-09-08,160.86,161.15,158.53,158.63,28611535,AAPL
2017-09-11,160.5,162.05,159.89,161.5,31580798,AAPL
2017-09-12,162.61,163.96,158.77,160.86,71714046,AAPL
2017-09-13,159.87,159.96,157.91,159.65,44907361,AAPL
2017-09-14,158.99,159.4,158.09,158.28,23760749,AAPL
2017-09-15,158.47,160.97,158,159.88,49114602,AAPL
2017-09-18,160.11,160.5,158,158.67,28269435,AAPL
2017-09-19,159.51,159.77,158.44,158.73,20810632,AAPL
2017-09-20,157.9,158.26,153.83,156.07,52951364,AAPL
2017-09-21,155.8,155.8,152.75,153.39,37511661,AAPL
2017-09-22,151.54,152.27,150.56,151.89,46645443,AAPL
2017-09-25,149.99,151.83,149.16,150.55,44387336,AAPL
2017-09-26,151.78,153.92,151.69,153.14,36660045,AAPL
2017-09-27,153.8,154.72,153.54,154.23,25182779,AAPL
2017-09-28,153.89,154.28,152.7,153.28,22005455,AAPL
2017-09-29,153.21,154.13,152,154.12,26299810,AAPL
2016-10-03,98,103.39,98,102.63,15344490,NFLX
2016-10-04,103.19,104.44,101.86,102.34,12143104,NFLX
2016-10-05,103.5,106.97,103.43,106.28,12942880,NFLX
2016-10-06,104.97,105.47,103.88,105.07,6587738,NFLX
2016-10-07,103.98,106.5,103.55,104.82,8659518,NFLX
2016-10-10,103.18,104.53,102.76,103.33,6699653,NFLX
2016-10-11,102.31,102.9,99.86,100.59,9032854,NFLX
2016-10-12,100.88,102.47,99.22,99.5,7426504,NFLX
2016-10-13,98.01,100.5,97.63,100.23,8319333,NFLX
2016-10-14,101.59,102.1,100.35,101.47,9531056,NFLX
2016-10-17,100.5,100.73,98.38,99.8,26589483,NFLX
2016-10-18,116.63,119.82,116.5,118.79,42168221,NFLX
2016-10-19,118.25,122.45,118,121.87,21981734,NFLX
2016-10-20,121.97,123.75,121.06,123.35,14492827,NFLX
2016-10-21,122.5,127.85,122.31,127.5,18832428,NFLX
2016-10-24,127.42,129.29,126.15,127.33,15980674,NFLX
2016-10-25,126.52,128.06,125.75,126.51,8253941,NFLX
2016-10-26,126.29,128.72,125.75,126.97,8602407,NFLX
2016-10-27,127.43,128.18,125.93,126.47,6914182,NFLX
2016-10-28,126.08,128.93,126.01,126.57,7077252,NFLX
2016-10-31,126.85,126.9,124.4,124.87,6517512,NFLX
2016-11-01,124.98,125.83,121.8,123.3,6978621,NFLX
2016-11-02,122.83,124.07,121.83,122.34,4816526,NFLX
2016-11-03,122.31,123.72,121.84,122.14,5041321,NFLX
2016-11-04,122,123.43,121.62,122.03,5077719,NFLX
2016-11-07,124.26,125.75,123.37,124.58,5827126,NFLX
2016-11-08,124.12,125.81,123.22,124.34,4690756,NFLX
2016-11-09,121.84,123.65,120.86,122.19,7705673,NFLX
2016-11-10,122.76,122.97,113.7,115.42,19718703,NFLX
2016-11-11,114.9,116.63,113.11,114.78,11080251,NFLX
2016-11-14,114.75,115.9,110.68,113.38,9932379,NFLX
2016-11-15,114.55,116.41,113.09,113.59,7445094,NFLX
2016-11-16,112.96,116.12,111.81,115.19,5933728,NFLX
2016-11-17,115.13,116.81,113.56,115.03,6223737,NFLX
2016-11-18,115.73,116.42,113.51,115.21,6746783,NFLX
2016-11-21,116.2,118.72,116.19,117.96,7064528,NFLX
2016-11-22,118.32,119.46,116.98,118.04,7007188,NFLX
2016-11-23,117.76,118.89,117.31,117.69,4521314,NFLX
2016-11-25,117.64,118.39,117.18,117.41,1616260,NFLX
2016-11-28,117.05,117.62,115.71,116.93,5278861,NFLX
2016-11-29,117.3,119.18,117.13,117.51,7082264,NFLX
2016-11-30,119,120.37,116.39,117,7715103,NFLX
2016-12-01,117.52,118.68,113.95,117.22,8636943,NFLX
2016-12-02,116.75,120.98,116.75,120.81,8953590,NFLX
2016-12-05,120.73,120.75,118.4,119.16,7626283,NFLX
2016-12-06,120.1,124.79,119.42,124.57,11513209,NFLX
2016-12-07,124.48,125.75,123.25,125.39,8204687,NFLX
2016-12-08,125.4,126.35,122.16,123.24,8987712,NFLX
2016-12-09,123.78,124.3,121.73,122.88,4700783,NFLX
2016-12-12,122.84,124.03,122.3,122.83,3917605,NFLX
2016-12-13,123.51,125.09,122.78,123.78,5564509,NFLX
2016-12-14,123.43,124.4,122.5,123.44,6110273,NFLX
2016-12-15,123.44,127.43,122.95,125,7376184,NFLX
2016-12-16,126.39,126.68,124.01,124.22,7867975,NFLX
2016-12-19,124.3,126.44,122.87,125.45,4867276,NFLX
2016-12-20,125.46,126.3,124.64,125.12,3937812,NFLX
2016-12-21,125.53,127.74,125,126.5,6514793,NFLX
2016-12-22,126.84,127.5,125.18,125.58,4161410,NFLX
2016-12-23,125.61,126.28,125.08,125.59,2010382,NFLX
2016-12-27,126.24,129.05,125.7,128.35,5288164,NFLX
2016-12-28,129.07,129.07,125.76,125.89,4389162,NFLX
2016-12-29,125.95,126.14,124.2,125.33,3445056,NFLX
2016-12-30,126.24,126.57,123.6,123.8,4455351,NFLX
2017-01-03,124.96,128.19,124.31,127.49,9437856,NFLX
2017-01-04,127.49,130.17,126.55,129.41,7843559,NFLX
2017-01-05,129.22,132.75,128.9,131.81,10185516,NFLX
2017-01-06,132.08,133.88,129.81,131.07,10657878,NFLX
2017-01-09,131.48,131.99,129.89,130.95,5771835,NFLX
2017-01-10,131.27,132.22,129.29,129.89,5985809,NFLX
2017-01-11,130.91,131.5,129.25,130.5,5615061,NFLX
2017-01-12,130.63,130.85,128.5,129.18,5388880,NFLX
2017-01-13,131.15,133.93,130.58,133.7,10515015,NFLX
2017-01-17,135.04,135.4,132.09,132.89,12220202,NFLX
2017-01-18,133.21,133.65,131.06,133.26,16168617,NFLX
2017-01-19,142.01,143.46,138.25,138.41,23203441,NFLX
2017-01-20,139.36,140.79,137.66,138.6,9497394,NFLX
2017-01-23,138.65,139.49,137.31,137.39,7433896,NFLX
2017-01-24,138.11,140.93,137.03,140.11,7754673,NFLX
2017-01-25,140.8,141.39,139.05,139.52,7612888,NFLX
2017-01-26,140.45,141.21,138.51,138.96,6038313,NFLX
2017-01-27,139.46,142.49,139,142.45,8323866,NFLX
2017-01-30,141.77,141.97,138.8,141.22,8122481,NFLX
2017-01-31,140.55,141.83,139.7,140.71,4411631,NFLX
2017-02-01,141.2,142.41,139.3,140.78,6033422,NFLX
2017-02-02,140.61,141.04,139.05,139.2,3462370,NFLX
2017-02-03,139.51,140.64,139.1,140.25,3512568,NFLX
2017-02-06,140,141,139.16,140.97,3552066,NFLX
2017-02-07,141.49,144.28,141.05,144,8573515,NFLX
2017-02-08,143.57,145.07,142.56,144.74,6887050,NFLX
2017-02-09,144.98,145.09,143.58,144.14,4555119,NFLX
2017-02-10,144.68,145.3,143.97,144.82,6171936,NFLX
2017-02-13,145.19,145.95,143.05,143.2,4790435,NFLX
2017-02-14,143.2,144.11,140.05,140.82,8367786,NFLX
2017-02-15,140.72,142.43,140.51,142.27,5309050,NFLX
2017-02-16,142.42,142.44,141.07,142.01,2847496,NFLX
2017-02-17,141.75,142.9,141.27,142.22,4588073,NFLX
2017-02-21,142.99,143.38,141.81,142.6,3571481,NFLX
2017-02-22,142.92,144,142.17,143.86,3481968,NFLX
2017-02-23,144.45,144.49,141.52,142.78,4667978,NFLX
2017-02-24,141.88,143.56,141.55,143.25,3302714,NFLX
2017-02-27,143.12,143.92,142.38,143.41,3907377,NFLX
2017-02-28,143.3,143.57,141.85,142.13,3862221,NFLX
2017-03-01,142.84,143.26,142.1,142.65,4170649,NFLX
2017-03-02,142.15,142.7,139.09,139.53,6119945,NFLX
2017-03-03,139.69,140.91,138.26,139.14,5401104,NFLX
2017-03-06,141,142.84,140.54,141.94,7116118,NFLX
2017-03-07,141.99,142.4,140.38,141.43,4241037,NFLX
2017-03-08,141.47,142.06,139.77,140.32,4092550,NFLX
2017-03-09,140.04,141.24,139.74,140.53,2652740,NFLX
2017-03-10,141.39,141.8,140.28,140.89,3318464,NFLX
2017-03-13,140.9,143.71,140.32,143.52,4922432,NFLX
2017-03-14,142.95,143.31,141.7,143.19,4660294,NFLX
2017-03-15,144.2,145.52,143.23,145.25,5987198,NFLX
2017-03-16,145.5,146.5,144.22,144.39,5286456,NFLX
2017-03-17,144.05,145.76,143.4,145.11,6281316,NFLX
2017-03-20,145.45,146.25,144.58,145.83,3421046,NFLX
2017-03-21,146.75,147.7,142.1,142.42,7669753,NFLX
2017-03-22,142.54,143.8,140.76,142.65,6486893,NFLX
2017-03-23,142.14,142.89,141.26,141.84,3712625,NFLX
2017-03-24,142.36,142.8,141.58,142.02,3546599,NFLX
2017-03-27,140.83,144.39,140,144.06,4771650,NFLX
2017-03-28,144.1,146.11,143.92,145.17,4638003,NFLX
2017-03-29,145.5,147.18,144.91,146.47,3855031,NFLX
2017-03-30,146.81,148.29,146.53,148.06,4461068,NFLX
2017-03-31,148,148.22,147.33,147.81,3888237,NFLX
2017-04-03,146.7,148,145.74,146.92,4609336,NFLX
2017-04-04,146.84,147.09,144.89,145.5,4368919,NFLX
2017-04-05,146.19,146.25,143.26,143.62,4607636,NFLX
2017-04-06,144,144.14,143.01,143.74,3312410,NFLX
2017-04-07,143.79,143.89,142.71,143.11,3040506,NFLX
2017-04-10,143.04,144.65,141.21,143.85,5807440,NFLX
2017-04-11,144.28,144.54,141.98,144.35,4621451,NFLX
2017-04-12,144.85,145.74,143.55,143.83,4386954,NFLX
2017-04-13,144.25,144.55,142.76,142.92,3685789,NFLX
2017-04-17,144.43,147.32,144.43,147.25,16364743,NFLX
2017-04-18,147.34,147.4,140,143.36,19670975,NFLX
2017-04-19,143.37,144,138.66,139.76,12395064,NFLX
2017-04-20,140.3,141.8,139.27,141.18,7248180,NFLX
2017-04-21,141.39,143.03,140.9,142.87,6824786,NFLX
2017-04-24,143.61,144.5,143.4,143.83,4800920,NFLX
2017-04-25,147.46,153.52,146.22,152.16,20674167,NFLX
2017-04-26,151.53,152.15,148.9,150.17,9274081,NFLX
2017-04-27,150.6,153.49,149.3,153.08,7719365,NFLX
2017-04-28,152.71,152.97,150.94,152.2,6366247,NFLX
2017-05-01,151.91,157.7,151.61,155.35,9031631,NFLX
2017-05-02,155.76,156.5,154.61,156.45,5384839,NFLX
2017-05-03,156.29,156.54,154.88,155.59,3931244,NFLX
2017-05-04,155.59,157.9,154.55,157.25,5582330,NFLX
2017-05-05,158.55,158.59,155.9,156.6,5341735,NFLX
2017-05-08,156.55,157.64,155.3,156.38,4818794,NFLX
2017-05-09,156.1,157.85,155.97,157.46,3911027,NFLX
2017-05-10,157.82,161.1,156.56,160.28,6869879,NFLX
2017-05-11,160.33,160.52,157.55,158.54,5677360,NFLX
2017-05-12,159.11,160.84,158.51,160.81,5092885,NFLX
2017-05-15,160.25,161.78,159.76,160.02,4971954,NFLX
2017-05-16,160.5,161.18,159.33,159.41,3464912,NFLX
2017-05-17,158.09,158.78,153,153.2,8184483,NFLX
2017-05-18,153.61,156.89,153.24,155.7,6802670,NFLX
2017-05-19,156.15,158.05,155.91,157.02,4091486,NFLX
2017-05-22,157.86,158.6,156.43,157.16,3744055,NFLX
2017-05-23,157.75,158.31,156.8,157.95,3370930,NFLX
2017-05-24,158.35,158.48,157.17,157.75,2989797,NFLX
2017-05-25,161,164.1,160.55,163.05,8560961,NFLX
2017-05-26,162.84,163.05,161.12,162.43,4834291,NFLX
2017-05-30,163.6,164.75,162.71,163.22,4828637,NFLX
2017-05-31,163.61,164,160.74,163.07,5328919,NFLX
2017-06-01,163.52,163.93,161.7,162.99,3896317,NFLX
2017-06-02,163.42,165.36,162.8,165.18,4259081,NFLX
2017-06-05,165.49,165.5,163.43,165.06,3875174,NFLX
2017-06-06,164.95,166.82,164.51,165.17,4382092,NFLX
2017-06-07,165.6,166.4,164.41,165.61,3353099,NFLX
2017-06-08,166.12,166.87,164.84,165.88,3719102,NFLX
2017-06-09,166.27,166.27,154.5,158.03,10291954,NFLX
2017-06-12,155.3,155.53,148.31,151.44,14114477,NFLX
2017-06-13,154.38,155.68,150.13,152.72,8484746,NFLX
2017-06-14,154.34,155.62,150.28,152.2,6461758,NFLX
2017-06-15,149.44,152.56,147.3,151.76,7319746,NFLX
2017-06-16,151.45,153.53,150.39,152.38,6909705,NFLX
2017-06-19,154.29,155.58,152.41,153.4,6544298,NFLX
2017-06-20,153.68,154.5,151.4,152.05,4878673,NFLX
2017-06-21,152.5,155.38,152.26,155.03,5803446,NFLX
2017-06-22,155.13,155.2,153.7,154.89,3769167,NFLX
2017-06-23,155.01,158.19,153.76,158.02,6250761,NFLX
2017-06-26,158.78,159.97,156.56,157.5,6015974,NFLX
2017-06-27,156.62,156.98,150.72,151.03,7424252,NFLX
2017-06-28,151.64,154.2,150.12,153.41,5589883,NFLX
2017-06-29,152.82,152.82,148,150.09,7142462,NFLX
2017-06-30,149.76,150.71,148.42,149.41,5213315,NFLX
2017-07-03,149.8,150.45,145.8,146.17,3908215,NFLX
2017-07-05,146.58,148.26,145.58,147.61,4627803,NFLX
2017-07-06,146.13,147.27,144.25,146.25,5486482,NFLX
2017-07-07,146.65,150.75,146.65,150.18,5561263,NFLX
2017-07-10,150.34,153.23,149.65,152.67,5360606,NFLX
2017-07-11,152.37,155.23,151.55,154.33,4898645,NFLX
2017-07-12,155.77,158.8,155.77,158.75,8481779,NFLX
2017-07-13,158.51,160.13,156.98,158.21,6700052,NFLX
2017-07-14,159.3,161.35,157.97,161.12,5549221,NFLX
2017-07-17,162.91,163.55,160.02,161.7,17496685,NFLX
2017-07-18,176.12,185,174.24,183.6,41587395,NFLX
2017-07-19,182.97,187.17,181.75,183.86,17344321,NFLX
2017-07-20,183.84,185.92,182.7,183.6,7907182,NFLX
2017-07-21,182.72,191.5,182.71,188.54,9277448,NFLX
2017-07-24,188.68,190.25,187.01,187.91,8797260,NFLX
2017-07-25,187.79,188.66,185.81,186.97,5374472,NFLX
2017-07-26,187.7,189.7,187.51,189.08,4479290,NFLX
2017-07-27,189.89,190,179.38,182.68,11220982,NFLX
2017-07-28,182,185.03,181.18,184.04,6201947,NFLX
2017-07-31,184.26,184.97,180.65,181.66,4883606,NFLX
2017-08-01,182.49,184.62,181.43,182.03,5112707,NFLX
2017-08-02,182.22,182.57,177.81,180.74,5771336,NFLX
2017-08-03,180.53,181.22,178.02,179.23,4627732,NFLX
2017-08-04,179.6,181,178.5,180.27,4491055,NFLX
2017-08-07,181,182.27,179.1,181.33,4609788,NFLX
2017-08-08,181.37,181.91,177.45,178.36,6104043,NFLX
2017-08-09,171.43,175.96,170.01,175.78,9670502,NFLX
2017-08-10,174.03,174.45,167.6,169.14,9693057,NFLX
2017-08-11,169.86,172.58,169,171.4,5022334,NFLX
2017-08-14,169.8,172.45,168.8,171,7468408,NFLX
2017-08-15,171.53,171.88,168.25,168.5,5656064,NFLX
2017-08-16,167.5,170.5,166.25,169.98,7013557,NFLX
2017-08-17,169.23,170.58,165.72,166.09,5229188,NFLX
2017-08-18,165.95,169.97,165.8,166.54,7385736,NFLX
2017-08-21,166.91,168.99,164.23,166.76,6480708,NFLX
2017-08-22,167.76,169.93,167.04,169.34,4886326,NFLX
2017-08-23,168.35,169.64,166.7,169.06,4632256,NFLX
2017-08-24,169.86,171.24,166.15,168.13,5361749,NFLX
2017-08-25,168.58,168.75,165.5,165.95,4064040,NFLX
2017-08-28,166.43,168.67,165.6,167.12,3657264,NFLX
2017-08-29,165,169.68,164.73,168.81,4620920,NFLX
2017-08-30,169.5,174.85,169.37,174.69,8034743,NFLX
2017-08-31,175.45,176.24,173.86,174.71,6940990,NFLX
2017-09-01,175.55,176.48,173.92,174.74,3812968,NFLX
2017-09-05,173.4,175.88,172.44,174.52,4597441,NFLX
2017-09-06,175.25,179.46,173.73,179.25,8742643,NFLX
2017-09-07,178.8,180.35,177.1,179,6036146,NFLX
2017-09-08,178.45,180.39,176.25,176.42,4590846,NFLX
2017-09-11,178.1,182.47,178.03,181.74,5979447,NFLX
2017-09-12,182.55,185.33,180.64,185.15,6689568,NFLX
2017-09-13,184.07,184.5,182.55,183.64,4320349,NFLX
2017-09-14,183.25,185.29,182.07,182.63,4510722,NFLX
2017-09-15,182.73,184.93,181.43,182.35,5591743,NFLX
2017-09-18,183.61,185.45,182.73,184.62,5359569,NFLX
2017-09-19,184.98,186.23,184.17,185.68,4982086,NFLX
2017-09-20,186.1,186.5,183.2,185.51,4624993,NFLX
2017-09-21,185.82,189.95,184.51,188.78,7148104,NFLX
2017-09-22,188.4,189.85,186.39,187.35,5464312,NFLX
2017-09-25,186.46,186.55,177.7,178.55,9367231,NFLX
2017-09-26,180.7,180.95,176.55,179.38,5602471,NFLX
2017-09-27,181.01,183.34,180.7,181.97,4975952,NFLX
2017-09-28,181.25,181.95,179.36,180.7,4076986,NFLX
2017-09-29,180.73,182.9,180.65,181.35,4227864,NFLX
